,Root Length Diameter Range 1 (px),Root Length Diameter Range 2 (px),Root Length Diameter Range 3 (px),Root Length Diameter Range 4 (px),Root Length Diameter Range 5 (px),total_images
Sum of 0<.L.<=1.000000,0.0,0.4097036786760526,0.28266866948696373,0.28083680331592487,-0.2207398317467926,-0.1742072288214535
Sum of 1.0000000<.L.<=2.0000000,0.0,0.3993332672119712,-0.06409532020892847,-0.1501156846263891,-0.3965834540314458,0.03407148215367483
Sum of 2.0000000<.L.<=3.0000000,0.0,0.2980650600361959,-0.2646699042678541,-0.308839591391022,-0.5075432325374211,0.3827696613549332
Sum of 3.0000000<.L.<=4.0000000,0.0,-0.041752597093947165,0.14004129608055715,0.2753011336878989,-0.4353271584155779,0.08005460258394825
Sum of .L.>4.0000000,0.0,-0.3487771374052751,0.48996155824271437,0.6420509172092951,-0.16140779624625967,-0.15822562636810067
Sum of .L.>0.0000000,0.0,0.4257549026369918,0.2152474243955978,0.19783195617695032,-0.28074089967719346,-0.12186466131106208
