,Root Length Diameter Range 1 (px),Root Length Diameter Range 2 (px),Root Length Diameter Range 3 (px),Root Length Diameter Range 4 (px),Root Length Diameter Range 5 (px),total_images
Sum of 0<.L.<=1.000000,0.0,0.06986761529017353,0.5999590997476674,0.23621028579395437,-0.10227314778659705,0.17244304123419174
Sum of 1.0000000<.L.<=2.0000000,0.0,-0.1264812356446634,0.31043552112530765,0.4387150602860661,0.2623410490216033,-0.1133962560399677
Sum of 2.0000000<.L.<=3.0000000,0.0,-0.005575864123219497,0.11186274052277419,0.3678497702253417,0.36137716446013063,0.03991106233940774
Sum of 3.0000000<.L.<=4.0000000,0.0,0.12283452395327682,0.2520320249232661,-0.10897610918937026,-0.022567134420868246,0.20337301139235014
Sum of .L.>4.0000000,0.0,-0.027057472202774442,0.28418748036339336,-0.1088528223875661,-0.032914391493967285,0.036118553872448
Sum of .L.>0.0000000,0.0,0.037011714198581555,0.5641734020338631,0.29066540609461333,-0.023294451459176857,0.12803910147255926
