,Root Length Diameter Range 1 (px),Root Length Diameter Range 2 (px),Root Length Diameter Range 3 (px),Root Length Diameter Range 4 (px),Root Length Diameter Range 5 (px),total_images
Sum of 0<.L.<=1.000000,0.0,0.25274177105030776,0.6255789041219049,0.1452093337227035,-0.4877056079223092,0.14789100405937533
Sum of 1.0000000<.L.<=2.0000000,0.0,0.028565025953142982,0.5352374764699394,0.48292897497028325,-0.1829551179144368,-0.12177656188306127
Sum of 2.0000000<.L.<=3.0000000,0.0,-0.015275827849140843,0.3299402181872042,0.5008019787880305,-0.24153912358190713,0.026532936641869433
Sum of 3.0000000<.L.<=4.0000000,0.0,0.06689089260653547,0.2907174807295816,0.10914523592756863,-0.23104177572210133,0.15105568622384952
Sum of .L.>4.0000000,0.0,0.008519803775759185,0.10687747460814367,-0.2674635671290174,-0.012517095525462195,-0.01113724296030666
Sum of .L.>0.0000000,0.0,0.21649718945603036,0.6347611565093707,0.2291935775623566,-0.4533708597281386,0.10496047440753607
