,Root Length Diameter Range 1 (px),Root Length Diameter Range 2 (px),Root Length Diameter Range 3 (px),Root Length Diameter Range 4 (px),Root Length Diameter Range 5 (px),total_images
Sum of 0<.L.<=1.000000,0.0,0.4191533218503972,0.49732756602022943,-0.12776829563305322,0.0,0.2657570985337828
Sum of 1.0000000<.L.<=2.0000000,0.0,0.5348015168116239,0.6565854776087525,-0.2731374222427147,0.0,0.44088942270668835
Sum of 2.0000000<.L.<=3.0000000,0.0,0.13615758091736843,0.3651592491107619,-0.5084954712476225,0.0,0.02909177673034592
Sum of 3.0000000<.L.<=4.0000000,0.0,-0.17442556591122338,-0.014975355403907847,-0.44750982143093926,0.0,-0.30715200693619166
Sum of .L.>4.0000000,0.0,-0.2155620788626435,-0.25317932851282005,-0.16140779624625967,0.0,-0.2403919426404101
Sum of .L.>0.0000000,0.0,0.44902861632935637,0.5473601347224697,-0.18152499758157162,0.0,0.2982645686201274
