,Root Length Diameter Range 1 (px),Root Length Diameter Range 2 (px),Root Length Diameter Range 3 (px),Root Length Diameter Range 4 (px),Root Length Diameter Range 5 (px),total_images
Sum of 0<.L.<=1.000000,0.0,0.6955860169225443,0.456339842906877,-0.19958112071878742,-0.2982339681228078,0.3102020352691401
Sum of 1.0000000<.L.<=2.0000000,0.0,0.6823654852574228,0.576970096076086,0.08703101767198688,-0.2205258107134075,0.19176600792088055
Sum of 2.0000000<.L.<=3.0000000,0.0,0.2267992332008568,0.17194667242900422,-0.07723541502383185,-0.2943446792004768,-0.284559868276204
Sum of 3.0000000<.L.<=4.0000000,0.0,0.1389140432587851,0.05885969364590793,-0.16402253803068564,-0.4922299166131895,-0.28661101130196076
Sum of .L.>4.0000000,0.0,0.041172354411319244,0.01368894788891354,-0.1141949303550948,-0.13270651325874364,0.0708785965376643
Sum of .L.>0.0000000,0.0,0.71302611049082,0.4910739831158759,-0.15710513905440282,-0.30530442302687666,0.27830972483436084
