,Root Length Diameter Range 1 (px),Root Length Diameter Range 2 (px),Root Length Diameter Range 3 (px),Root Length Diameter Range 4 (px),Root Length Diameter Range 5 (px),total_images
Sum of 0<.L.<=1.000000,0.0,0.430843486847598,0.5163887618060735,0.03691313692347743,0.15845396499072756,-0.16054090123079093
Sum of 1.0000000<.L.<=2.0000000,0.0,0.3879683558218646,0.24560317535573642,-0.14259603285607847,-0.3841341379753118,-0.1726799861230263
Sum of 2.0000000<.L.<=3.0000000,0.0,0.2598996473196528,0.023023870488144395,0.07639388219027587,-0.1533810941389083,0.27459909611536876
Sum of 3.0000000<.L.<=4.0000000,0.0,0.10604780866034864,-0.021366381895353594,0.16528733262166778,0.4823027345180191,0.26591615310094685
Sum of .L.>4.0000000,0.0,-0.08134033769770392,0.035749572112057884,-0.024061315605776692,0.5799996285229858,-0.05601936563175508
Sum of .L.>0.0000000,0.0,0.44116958697987724,0.4765211982179328,0.010737824696531242,0.06308971954559803,-0.1500906836926296
