,Root Length Diameter Range 1 (px),Root Length Diameter Range 2 (px),Root Length Diameter Range 3 (px),Root Length Diameter Range 4 (px),Root Length Diameter Range 5 (px),total_images
Sum of 0<.L.<=1.000000,0.0,-0.19999999999999998,0.2727272727272727,0.10303030303030303,0.406060606060606,-0.06707441766510146
Sum of 1.0000000<.L.<=2.0000000,0.0,-0.2121212121212121,0.07878787878787878,0.6242424242424242,0.22424242424242422,-0.2195162759948775
Sum of 2.0000000<.L.<=3.0000000,0.0,0.23636363636363633,-0.13939393939393938,0.28484848484848485,0.10303030303030303,0.2743953449935969
Sum of 3.0000000<.L.<=4.0000000,0.0,0.12727272727272726,-0.28484848484848485,-0.17575757575757575,0.35757575757575755,0.3536651113250804
Sum of .L.>4.0000000,0.0,-0.32971917375597026,-0.07111590022187594,-0.01939524551505708,0.40730015581619866,-0.03902774395182373
Sum of .L.>0.0000000,0.0,-0.309090909090909,0.16363636363636364,0.2606060606060606,0.3939393939393939,-0.12195348666382085
