,Root Length Diameter Range 1 (px),Root Length Diameter Range 2 (px),Root Length Diameter Range 3 (px),Root Length Diameter Range 4 (px),Root Length Diameter Range 5 (px),total_images
Sum of 0<.L.<=1.000000,0.0,0.39298259191938634,0.22466322435491398,0.0,0.0,0.4393679821171639
Sum of 1.0000000<.L.<=2.0000000,0.0,-0.07205265879570855,0.029346534014937458,0.0,0.0,0.015424506490092662
Sum of 2.0000000<.L.<=3.0000000,0.0,-0.2502020960837256,0.01722664643231176,0.0,0.0,-0.07235437556641633
Sum of 3.0000000<.L.<=4.0000000,0.0,0.07939453320996973,0.5917543092248309,0.0,0.0,0.19993123666174806
Sum of .L.>4.0000000,0.0,0.22752962249624817,0.7946029093612353,0.0,0.0,0.23807863705442023
Sum of .L.>0.0000000,0.0,0.30605727530846816,0.19948862304612877,0.0,0.0,0.36926148010337734
