,Root Length Diameter Range 1 (px),Root Length Diameter Range 2 (px),Root Length Diameter Range 3 (px),Root Length Diameter Range 4 (px),Root Length Diameter Range 5 (px),total_images
Sum of 0<.L.<=1.000000,0.0,0.007219463623251305,0.5844209791999947,0.23526604257756298,0.41388621483012233,0.24312959227970113
Sum of 1.0000000<.L.<=2.0000000,0.0,-0.055022780975138845,0.34815367790471835,0.6400928436049301,0.23344838775597168,0.046411124466092774
Sum of 2.0000000<.L.<=3.0000000,0.0,0.27836451741301727,-0.0479167156508971,0.3457918371515299,0.08508539639304605,0.34310407985965086
Sum of 3.0000000<.L.<=4.0000000,0.0,0.17172349355683503,-0.10206431761003382,-0.12525723501196795,0.2967745539536143,0.4287634891463267
Sum of .L.>4.0000000,0.0,-0.09457703553547432,-0.007259373755418963,-0.39152201484885496,0.47163279183423296,0.2180119937407466
Sum of .L.>0.0000000,0.0,0.01049268471633858,0.5473914759872411,0.3229338375207165,0.39427733098150924,0.23111606428742038
