,Root Length Diameter Range 1 (px),Root Length Diameter Range 2 (px),Root Length Diameter Range 3 (px),Root Length Diameter Range 4 (px),Root Length Diameter Range 5 (px),total_images
Sum of 0<.L.<=1.000000,0.0,0.7881126107112156,0.6393737097691304,0.6493579637796265,0.8186369367185159,-0.17301481665250856
Sum of 1.0000000<.L.<=2.0000000,0.0,0.41119865088269214,0.32643359092052127,0.5480259368447102,0.7354821039296211,-0.22863502903887647
Sum of 2.0000000<.L.<=3.0000000,0.0,0.1557611555259349,-0.025937209332715462,0.33008626340624303,0.5141142648261817,0.1775448771581869
Sum of 3.0000000<.L.<=4.0000000,0.0,0.31952314752569605,0.12070159291438044,0.24261797424259482,0.23116568542137098,0.07342083655147873
Sum of .L.>4.0000000,0.0,0.20475617028515536,0.1595459978975481,-0.056459478588580705,-0.09580060677077606,-0.07650187929566438
Sum of .L.>0.0000000,0.0,0.7416379398600408,0.5923929835836736,0.6562512258724171,0.8392390611257623,-0.17598534438781982
