,Root Length Diameter Range 1 (px),Root Length Diameter Range 2 (px),Root Length Diameter Range 3 (px),Root Length Diameter Range 4 (px),Root Length Diameter Range 5 (px),total_images
Sum of 0<.L.<=1.000000,0.0,-0.19999999999999998,0.2606060606060606,0.16363636363636364,0.38181818181818183,-0.06707441766510146
Sum of 1.0000000<.L.<=2.0000000,0.0,-0.2121212121212121,-0.01818181818181818,0.6484848484848483,0.29696969696969694,-0.2195162759948775
Sum of 2.0000000<.L.<=3.0000000,0.0,0.23636363636363633,-0.17575757575757575,0.3696969696969697,0.2121212121212121,0.2743953449935969
Sum of 3.0000000<.L.<=4.0000000,0.0,0.12727272727272726,-0.2121212121212121,-0.09090909090909088,0.41818181818181815,0.3536651113250804
Sum of .L.>4.0000000,0.0,-0.32971917375597026,-0.04525557286846651,0.03232540919176179,0.43316048316960803,-0.03902774395182373
Sum of .L.>0.0000000,0.0,-0.309090909090909,0.16363636363636364,0.32121212121212117,0.3939393939393939,-0.12195348666382085
