,Root Length Diameter Range 1 (px),Root Length Diameter Range 2 (px),Root Length Diameter Range 3 (px),Root Length Diameter Range 4 (px),Root Length Diameter Range 5 (px),total_images
Sum of 0<.L.<=1.000000,0.0,0.00629232085294342,0.5911301437114009,0.2632250960476765,0.43414628937180816,0.24312959227970113
Sum of 1.0000000<.L.<=2.0000000,0.0,-0.053121964762158344,0.32369745733608496,0.6044327256025851,0.3509580695676734,0.046411124466092774
Sum of 2.0000000<.L.<=3.0000000,0.0,0.27892010958145314,-0.0595789710158458,0.29473895717997894,0.1954172785045641,0.34310407985965086
Sum of 3.0000000<.L.<=4.0000000,0.0,0.16901500127352723,-0.08249283243692704,-0.12186564716951358,0.3670585286076414,0.4287634891463267
Sum of .L.>4.0000000,0.0,-0.09709647215834773,0.013008905359540239,-0.3643769659997429,0.4619348572898636,0.2180119937407466
Sum of .L.>0.0000000,0.0,0.010049944876276563,0.5483823808479058,0.3378499837519533,0.4372406562502392,0.23111606428742038
