,Root Length Diameter Range 1 (px),Root Length Diameter Range 2 (px),Root Length Diameter Range 3 (px),Root Length Diameter Range 4 (px),Root Length Diameter Range 5 (px),total_images
Sum of 0<.L.<=1.000000,0.0,0.5917601453911138,0.0,0.0,0.0,0.3669192512343617
Sum of 1.0000000<.L.<=2.0000000,0.0,0.15604013466438876,0.0,0.0,0.0,-0.10094277008909285
Sum of 2.0000000<.L.<=3.0000000,0.0,0.12959749321654002,0.0,0.0,0.0,-0.03736779800704022
Sum of 3.0000000<.L.<=4.0000000,0.0,0.5818020074155588,0.0,0.0,0.0,0.5636467153699041
Sum of .L.>4.0000000,0.0,0.4234134133478135,0.0,0.0,0.0,0.4956723620027867
Sum of .L.>0.0000000,0.0,0.535599152322613,0.0,0.0,0.0,0.2961093529342686
