,Root Length Diameter Range 1 (px),Root Length Diameter Range 2 (px),Root Length Diameter Range 3 (px),Root Length Diameter Range 4 (px),Root Length Diameter Range 5 (px),total_images
Sum of 0<.L.<=1.000000,0.0,0.6,0.0,0.0,0.0,0.35146751167740364
Sum of 1.0000000<.L.<=2.0000000,0.0,0.08333333333333334,0.0,0.0,0.0,-0.22594340036404525
Sum of 2.0000000<.L.<=3.0000000,0.0,0.15,0.0,0.0,0.0,0.00836827408755723
Sum of 3.0000000<.L.<=4.0000000,0.0,0.5833333333333334,0.0,0.0,0.0,0.49372817116587664
Sum of .L.>4.0000000,0.0,0.511207720338155,0.0,0.0,0.0,0.403347338692413
Sum of .L.>0.0000000,0.0,0.6333333333333333,0.0,0.0,0.0,0.35146751167740364
