,Root Length Diameter Range 1 (px),Root Length Diameter Range 2 (px),Root Length Diameter Range 3 (px),Root Length Diameter Range 4 (px),Root Length Diameter Range 5 (px),total_images
Sum of 0<.L.<=1.000000,0.0,0.6713155584763378,0.4026401047335199,0.7957849985758719,0.0,0.30184126423730284
Sum of 1.0000000<.L.<=2.0000000,0.0,0.285727599021836,-0.034496867176020185,0.6759847162346267,0.0,-0.1117174931202193
Sum of 2.0000000<.L.<=3.0000000,0.0,-0.0032913057799105697,-0.23411331062797838,0.46183577444774704,0.0,0.02747520119342804
Sum of 3.0000000<.L.<=4.0000000,0.0,0.20208329992167695,0.04062164800148988,0.1981713183832109,0.0,0.22739850556465888
Sum of .L.>4.0000000,0.0,0.2189051187339638,0.18336684617562007,-0.08719731521349657,0.0,0.23430187170631936
Sum of .L.>0.0000000,0.0,0.6137947105965712,0.32110183925678537,0.8071221565500689,0.0,0.23683463805940702
