,Root Length Diameter Range 1 (px),Root Length Diameter Range 2 (px),Root Length Diameter Range 3 (px),Root Length Diameter Range 4 (px),Root Length Diameter Range 5 (px),total_images
Sum of 0<.L.<=1.000000,0.0,0.38900738650747474,-0.35174777471194707,-0.3265334750263139,-0.028771598087831196,0.24312959227970113
Sum of 1.0000000<.L.<=2.0000000,0.0,0.07630349826635997,-0.0473912929204066,0.2590251363501781,-0.13627239259733223,0.046411124466092774
Sum of 2.0000000<.L.<=3.0000000,0.0,0.2625681856281883,0.008890080460511566,0.29547548722010225,-0.21637904848239514,0.34310407985965086
Sum of 3.0000000<.L.<=4.0000000,0.0,0.2927500953592707,-0.3203300734925523,-0.14410809823381973,-0.33014334703462633,0.4287634891463267
Sum of .L.>4.0000000,0.0,0.033147850811645514,-0.3208286811257785,-0.3201313390582019,-0.04063945414299068,0.2180119937407466
Sum of .L.>0.0000000,0.0,0.3535460402050258,-0.30523942896223333,-0.21638875308376346,-0.05996892804608792,0.23111606428742038
