,Root Length Diameter Range 1 (px),Root Length Diameter Range 2 (px),Root Length Diameter Range 3 (px),Root Length Diameter Range 4 (px),Root Length Diameter Range 5 (px),total_images
Sum of 0<.L.<=1.000000,0.0,0.04959048415463037,0.3195240216760739,-0.018102615801440312,0.42510257780401295,0.24312959227970113
Sum of 1.0000000<.L.<=2.0000000,0.0,-0.049224209278110276,0.3342033160995681,0.528950301326839,0.29881045152561414,0.046411124466092774
Sum of 2.0000000<.L.<=3.0000000,0.0,0.2798843503151755,-0.0006190134090839731,0.40655754518244275,0.1283417843102936,0.34310407985965086
Sum of 3.0000000<.L.<=4.0000000,0.0,0.19643361722360997,-0.2483125877921645,-0.07316300535637268,0.28013717006990535,0.4287634891463267
Sum of .L.>4.0000000,0.0,-0.07033361695482987,-0.19857247793314656,-0.37371590414742617,0.3606477665980856,0.2180119937407466
Sum of .L.>0.0000000,0.0,0.0472876363432287,0.32387098720521695,0.09449653482277211,0.4166995932223201,0.23111606428742038
