,Root Length Diameter Range 1 (px),Root Length Diameter Range 2 (px),Root Length Diameter Range 3 (px),Root Length Diameter Range 4 (px),Root Length Diameter Range 5 (px),total_images
Sum of 0<.L.<=1.000000,0.0,0.21495011171132153,-0.23913986366616768,-0.06925073653028979,-0.2207398317467926,0.19088435140404655
Sum of 1.0000000<.L.<=2.0000000,0.0,0.05455621374582312,-0.38011671681824033,-0.36375266584929117,-0.3965834540314458,-0.07648267221634744
Sum of 2.0000000<.L.<=3.0000000,0.0,0.12638091077060556,-0.08833829360341472,0.0009448478549843966,-0.5075432325374212,0.05975556541998689
Sum of 3.0000000<.L.<=4.0000000,0.0,0.09759233709970508,0.0009636515449973557,0.4210582798738277,-0.43532715841557795,0.19341739183361378
Sum of .L.>4.0000000,0.0,-0.0130921833070329,-0.013755613374131705,0.44409682628565794,-0.16140779624625967,0.011834585123960895
Sum of .L.>0.0000000,0.0,0.1961781487027533,-0.2705694723702725,-0.1176002438474659,-0.2807408996771934,0.1507241727566406
