,Root Length Diameter Range 1 (px),Root Length Diameter Range 2 (px),Root Length Diameter Range 3 (px),Root Length Diameter Range 4 (px),Root Length Diameter Range 5 (px),total_images
Sum of 0<.L.<=1.000000,0.0,0.25274138658583944,0.6255361741718377,0.1452093337227035,-0.4877056079223092,0.14789100405937533
Sum of 1.0000000<.L.<=2.0000000,0.0,0.02856797307123471,0.5352397845360042,0.48292897497028325,-0.1829551179144368,-0.12177656188306127
Sum of 2.0000000<.L.<=3.0000000,0.0,-0.015232482741722128,0.3300223370574973,0.5008019787880305,-0.24153912358190713,0.026532936641869433
Sum of 3.0000000<.L.<=4.0000000,0.0,0.06690321843293046,0.2907897101440775,0.10914523592756863,-0.23104177572210133,0.15105568622384952
Sum of .L.>4.0000000,0.0,0.008509569007931025,0.10690329026937763,-0.2674635671290174,-0.012517095525462195,-0.01113724296030666
Sum of .L.>0.0000000,0.0,0.21649948421530774,0.6347301084869531,0.2291935775623566,-0.4533708597281386,0.10496047440753607
