,Root Length Diameter Range 1 (px),Root Length Diameter Range 2 (px),Root Length Diameter Range 3 (px),Root Length Diameter Range 4 (px),Root Length Diameter Range 5 (px),total_images
Sum of 0<.L.<=1.000000,0.0,0.21568996201820184,-0.23714960156023157,-0.06925073653028979,-0.2207398317467926,0.19088435140404655
Sum of 1.0000000<.L.<=2.0000000,0.0,0.05590611705710463,-0.37929170893789377,-0.36375266584929117,-0.3965834540314458,-0.07648267221634744
Sum of 2.0000000<.L.<=3.0000000,0.0,0.1268963489090447,-0.08762367497818371,0.0009448478549843966,-0.5075432325374212,0.05975556541998689
Sum of 3.0000000<.L.<=4.0000000,0.0,0.09787274313747217,0.0052246622575346895,0.4210582798738277,-0.43532715841557795,0.19341739183361378
Sum of .L.>4.0000000,0.0,-0.013469673038543226,-0.011768666504020083,0.44409682628565794,-0.16140779624625967,0.011834585123960895
Sum of .L.>0.0000000,0.0,0.19705744364023772,-0.26869540144016457,-0.1176002438474659,-0.2807408996771934,0.1507241727566406
