,Root Length Diameter Range 1 (px),Root Length Diameter Range 2 (px),Root Length Diameter Range 3 (px),Root Length Diameter Range 4 (px),Root Length Diameter Range 5 (px),total_images
Sum of 0<.L.<=1.000000,0.0,0.28484848484848485,-0.22424242424242422,-0.16162704595880897,-0.1740776559556978,0.09118583155200968
Sum of 1.0000000<.L.<=2.0000000,0.0,0.04242424242424241,-0.34545454545454546,-0.5236716289065411,-0.4061811972299616,-0.2492412729088265
Sum of 2.0000000<.L.<=3.0000000,0.0,0.32121212121212117,0.05454545454545454,-0.07111590022187594,-0.4061811972299616,0.09118583155200968
Sum of 3.0000000<.L.<=4.0000000,0.0,0.33333333333333326,0.05454545454545454,0.2262778643423326,-0.4061811972299616,0.13981827504641486
Sum of .L.>4.0000000,0.0,0.07111590022187594,-0.22627786434233255,0.062068965517241385,-0.3094922302950864,0.1426647749626332
Sum of .L.>0.0000000,0.0,0.11515151515151514,-0.41818181818181815,-0.3038588464025609,-0.4061811972299616,-0.14589733048321551
