,Root Length Diameter Range 1 (px),Root Length Diameter Range 2 (px),Root Length Diameter Range 3 (px),Root Length Diameter Range 4 (px),Root Length Diameter Range 5 (px),total_images
Sum of 0<.L.<=1.000000,0.0,0.09090909090909088,0.41818181818181815,-0.11515151515151514,-0.04863244349440517,0.05471149893120582
Sum of 1.0000000<.L.<=2.0000000,0.0,-0.01818181818181818,0.24848484848484845,-0.006060606060606061,0.2006088294144213,-0.2857156055296304
Sum of 2.0000000<.L.<=3.0000000,0.0,0.23636363636363633,0.3939393939393939,0.5030303030303029,-0.006079055436800646,0.03647433262080388
Sum of 3.0000000<.L.<=4.0000000,0.0,0.23636363636363633,0.43030303030303024,0.24848484848484845,0.2006088294144213,0.08510677611520905
Sum of .L.>4.0000000,0.0,-0.12283655492869483,0.23920802801903726,-0.1745572096355137,0.3242381249150755,0.12969524996603018
Sum of .L.>0.0000000,0.0,0.0303030303030303,0.2606060606060606,-0.24848484848484845,0.06686960980480709,-0.18237166310401937
