,Root Length Diameter Range 1 (px),Root Length Diameter Range 2 (px),Root Length Diameter Range 3 (px),Root Length Diameter Range 4 (px),Root Length Diameter Range 5 (px),total_images
Sum of 0<.L.<=1.000000,0.0,0.21394031340198313,0.0,0.0,0.0,0.22130364943017575
Sum of 1.0000000<.L.<=2.0000000,0.0,0.5226497539695595,0.0,0.0,0.0,0.5423124345138775
Sum of 2.0000000<.L.<=3.0000000,0.0,0.2471960030821755,0.0,0.0,0.0,0.26303411273590493
Sum of 3.0000000<.L.<=4.0000000,0.0,-0.10871462998255217,0.0,0.0,0.0,-0.11278484136762464
Sum of .L.>4.0000000,0.0,-0.2969799576429189,0.0,0.0,0.0,-0.2937284742582721
Sum of .L.>0.0000000,0.0,0.28033883437525015,0.0,0.0,0.0,0.2906574396414223
