,Root Length Diameter Range 1 (px),Root Length Diameter Range 2 (px),Root Length Diameter Range 3 (px),Root Length Diameter Range 4 (px),Root Length Diameter Range 5 (px),total_images
Sum of 0<.L.<=1.000000,0.0,0.33333333333333326,0.17575757575757575,-0.058025885318565944,0.0,0.24316221747202585
Sum of 1.0000000<.L.<=2.0000000,0.0,0.5878787878787878,0.6363636363636362,-0.2901294265928297,0.0,0.5106406566912542
Sum of 2.0000000<.L.<=3.0000000,0.0,0.17575757575757575,0.309090909090909,-0.5222329678670935,0.0,0.08510677611520905
Sum of 3.0000000<.L.<=4.0000000,0.0,-0.1515151515151515,-0.1515151515151515,-0.5222329678670935,0.0,-0.24316221747202585
Sum of .L.>4.0000000,0.0,0.09697622757528537,-0.07111590022187594,-0.3094922302950864,0.0,0.006484762498301509
Sum of .L.>0.0000000,0.0,0.4545454545454545,0.33333333333333326,-0.058025885318565944,0.0,0.37690143708164003
