,Root Length Diameter Range 1 (px),Root Length Diameter Range 2 (px),Root Length Diameter Range 3 (px),Root Length Diameter Range 4 (px),Root Length Diameter Range 5 (px),total_images
Sum of 0<.L.<=1.000000,0.0,0.3452299369233206,0.4702033243406736,-0.04198201311979646,-0.17637646473259325,0.14789100405937533
Sum of 1.0000000<.L.<=2.0000000,0.0,0.14375989686877028,0.35616030400772297,0.08278148951601683,-0.010609862803863753,-0.12177656188306127
Sum of 2.0000000<.L.<=3.0000000,0.0,0.013112907343261107,0.28146806327071594,0.46818153926544126,-0.025217548192672808,0.026532936641869433
Sum of 3.0000000<.L.<=4.0000000,0.0,0.03455328647253349,0.3259518871982097,0.2752680955952142,0.19969930147734055,0.15105568622384952
Sum of .L.>4.0000000,0.0,-0.03672919107693067,0.16044289150375762,-0.18979371340842666,0.2806094065576682,-0.01113724296030666
Sum of .L.>0.0000000,0.0,0.3150515465515373,0.4714988611386269,0.002499776477931587,-0.1491003335907802,0.10496047440753607
