,Root Length Diameter Range 1 (px),Root Length Diameter Range 2 (px),Root Length Diameter Range 3 (px),Root Length Diameter Range 4 (px),Root Length Diameter Range 5 (px),total_images
Sum of 0<.L.<=1.000000,0.0,0.6941977577327655,0.45603097718905217,-0.19958112071878742,-0.2982339681228078,0.3102020352691401
Sum of 1.0000000<.L.<=2.0000000,0.0,0.6811260243337285,0.5741259365518959,0.08703101767198688,-0.2205258107134075,0.19176600792088055
Sum of 2.0000000<.L.<=3.0000000,0.0,0.2245472857053031,0.16851395525516757,-0.07723541502383185,-0.2943446792004768,-0.284559868276204
Sum of 3.0000000<.L.<=4.0000000,0.0,0.13888099094615675,0.05699747394921499,-0.16402253803068564,-0.4922299166131895,-0.28661101130196076
Sum of .L.>4.0000000,0.0,0.04225590753252001,0.014526036715433416,-0.1141949303550948,-0.13270651325874364,0.0708785965376643
Sum of .L.>0.0000000,0.0,0.711542839539456,0.4901505705223463,-0.15710513905440282,-0.30530442302687666,0.27830972483436084
