,Root Length Diameter Range 1 (px),Root Length Diameter Range 2 (px),Root Length Diameter Range 3 (px),Root Length Diameter Range 4 (px),Root Length Diameter Range 5 (px),total_images
Sum of 0<.L.<=1.000000,0.0,0.4787878787878787,0.43030303030303024,-0.37690143708164003,-0.19476884915604772,0.23636363636363633
Sum of 1.0000000<.L.<=2.0000000,0.0,0.5030303030303029,0.6484848484848483,0.09726488698881033,-0.14982219165849825,0.16363636363636364
Sum of 2.0000000<.L.<=3.0000000,0.0,0.16363636363636364,0.17575757575757575,0.07294866524160776,-0.516886561221819,-0.28484848484848485
Sum of 3.0000000<.L.<=4.0000000,0.0,0.16363636363636364,0.0303030303030303,-0.33434804902403553,-0.599288766633993,-0.32121212121212117
Sum of .L.>4.0000000,0.0,0.45902081052301746,0.40730015581619866,-0.19454287494904526,-0.07191949522280763,0.1874873733122184
Sum of .L.>0.0000000,0.0,0.49090909090909085,0.5636363636363636,-0.2978737164032316,-0.19476884915604772,0.19999999999999998
