,Root Length Diameter Range 1 (px),Root Length Diameter Range 2 (px),Root Length Diameter Range 3 (px),Root Length Diameter Range 4 (px),Root Length Diameter Range 5 (px),total_images
Sum of 0<.L.<=1.000000,0.0,0.2515042291329248,0.6264545871484878,0.12392486276759293,-0.4877056079223092,0.14789100405937533
Sum of 1.0000000<.L.<=2.0000000,0.0,0.028582923160143676,0.5331202312686852,0.47510132102517155,-0.1829551179144368,-0.12177656188306127
Sum of 2.0000000<.L.<=3.0000000,0.0,-0.015024213791771062,0.32836576600773565,0.4891065904085995,-0.24153912358190713,0.026532936641869433
Sum of 3.0000000<.L.<=4.0000000,0.0,0.06686285640502188,0.2914611251163316,0.09126960470295542,-0.23104177572210133,0.15105568622384952
Sum of .L.>4.0000000,0.0,0.00794884121001773,0.10949376685990117,-0.28183146343500687,-0.012517095525462195,-0.01113724296030666
Sum of .L.>0.0000000,0.0,0.21547324501338816,0.6350640466045203,0.20930256884649204,-0.4533708597281386,0.10496047440753607
