,Root Length Diameter Range 1 (px),Root Length Diameter Range 2 (px),Root Length Diameter Range 3 (px),Root Length Diameter Range 4 (px),Root Length Diameter Range 5 (px),total_images
Sum of 0<.L.<=1.000000,0.0,0.25221591725483067,0.6169155891705561,0.136770073544766,-0.44430042768570477,0.14789100405937533
Sum of 1.0000000<.L.<=2.0000000,0.0,0.029617705894157173,0.5226509829439485,0.4244903616940217,-0.17515611574206247,-0.12177656188306127
Sum of 2.0000000<.L.<=3.0000000,0.0,-0.013494111244138726,0.3253077399460599,0.4941533455721087,-0.21449981702541243,0.026532936641869433
Sum of 3.0000000<.L.<=4.0000000,0.0,0.06845207480171903,0.29393190491962684,0.15028408226869633,-0.16701122140059926,0.15105568622384952
Sum of .L.>4.0000000,0.0,0.008453858550343668,0.11406624664471929,-0.21714989617517647,0.03915339671073438,-0.01113724296030666
Sum of .L.>0.0000000,0.0,0.21633207553957567,0.6251327392347799,0.21202958383458317,-0.41386156986567807,0.10496047440753607
