,Root Length Diameter Range 1 (px),Root Length Diameter Range 2 (px),Root Length Diameter Range 3 (px),Root Length Diameter Range 4 (px),Root Length Diameter Range 5 (px),total_images
Sum of 0<.L.<=1.000000,0.0,0.4188947892767728,0.486775191706016,-0.12776829563305322,0.0,0.26329570062343755
Sum of 1.0000000<.L.<=2.0000000,0.0,0.5339562236487655,0.6523200030285057,-0.2731374222427147,0.0,0.4408660408805692
Sum of 2.0000000<.L.<=3.0000000,0.0,0.1349248690295411,0.36057098443901336,-0.5084954712476225,0.0,0.029511794870090997
Sum of 3.0000000<.L.<=4.0000000,0.0,-0.17436767571683684,-0.020388977399910593,-0.44750982143093926,0.0,-0.3073159364132957
Sum of .L.>4.0000000,0.0,-0.2153157195187784,-0.2560101415899575,-0.16140779624625967,0.0,-0.2402125329802909
Sum of .L.>0.0000000,0.0,0.44860768772852083,0.5375192647724462,-0.18152499758157162,0.0,0.2962165659326901
