,Root Length Diameter Range 1 (px),Root Length Diameter Range 2 (px),Root Length Diameter Range 3 (px),Root Length Diameter Range 4 (px),Root Length Diameter Range 5 (px),total_images
Sum of 0<.L.<=1.000000,0.0,0.6969696969696969,0.5515151515151515,0.35757575757575755,0.6227991553292185,-0.4516792752059046
Sum of 1.0000000<.L.<=2.0000000,0.0,0.12727272727272726,0.24848484848484845,0.24848484848484845,0.6227991553292185,-0.3763993960049204
Sum of 2.0000000<.L.<=3.0000000,0.0,0.13939393939393938,0.11515151515151514,0.2606060606060606,0.6227991553292185,0.11919314206822482
Sum of 3.0000000<.L.<=4.0000000,0.0,0.35757575757575755,0.18787878787878787,0.2606060606060606,0.35464951900691605,0.04391326286724072
Sum of .L.>4.0000000,0.0,0.5495319562599505,0.43316048316960803,0.45902081052301746,0.35986374603287324,-0.44836369665516
Sum of .L.>0.0000000,0.0,0.5515151515151515,0.5515151515151515,0.38181818181818183,0.5449492609130662,-0.52068583114014
