,Root Length Diameter Range 1 (px),Root Length Diameter Range 2 (px),Root Length Diameter Range 3 (px),Root Length Diameter Range 4 (px),Root Length Diameter Range 5 (px),total_images
Sum of 0<.L.<=1.000000,0.0,0.7872481861453521,0.6417952340858388,0.6515141531225996,0.8186369367185159,-0.17301481665250856
Sum of 1.0000000<.L.<=2.0000000,0.0,0.40890501189611345,0.32867911324619475,0.5517274175042196,0.7354821039296211,-0.22863502903887647
Sum of 2.0000000<.L.<=3.0000000,0.0,0.1534523887889497,-0.023262609331289104,0.33623140213146474,0.5141142648261817,0.1775448771581869
Sum of 3.0000000<.L.<=4.0000000,0.0,0.32056739921726524,0.12234329963443662,0.24797436203234668,0.23116568542137098,0.07342083655147873
Sum of .L.>4.0000000,0.0,0.20697728845256239,0.15946187971310466,-0.05468311937426111,-0.09580060677077606,-0.07650187929566438
Sum of .L.>0.0000000,0.0,0.7404172521378123,0.5949483118336707,0.6590268001156923,0.8392390611257623,-0.17598534438781982
