,Root Length Diameter Range 1 (px),Root Length Diameter Range 2 (px),Root Length Diameter Range 3 (px),Root Length Diameter Range 4 (px),Root Length Diameter Range 5 (px),total_images
Sum of 0<.L.<=1.000000,0.0,-0.5,0.0,0.0,0.0,-1.0
Sum of 1.0000000<.L.<=2.0000000,0.0,-1.0,-0.8660254037844387,0.0,0.0,-0.5
Sum of 2.0000000<.L.<=3.0000000,0.0,-1.0,-0.8660254037844387,0.0,0.0,-0.5
Sum of 3.0000000<.L.<=4.0000000,0.0,-1.0,-0.8660254037844387,0.0,0.0,-0.5
Sum of .L.>4.0000000,0.0,-0.8660254037844387,-0.5000000000000001,0.0,0.0,-0.8660254037844387
Sum of .L.>0.0000000,0.0,-0.5,0.0,0.0,0.0,-1.0
