,Root Length Diameter Range 1 (px),Root Length Diameter Range 2 (px),Root Length Diameter Range 3 (px),Root Length Diameter Range 4 (px),Root Length Diameter Range 5 (px),total_images
Sum of 0<.L.<=1.000000,0.0,0.1490667896549511,0.5374520489993718,0.34522563069345813,-0.020102507587203833,-0.0013117299178689173
Sum of 1.0000000<.L.<=2.0000000,0.0,0.043594306976561,0.22656204122304244,0.21900467669026935,-0.07912483265218705,-0.14079110185674476
Sum of 2.0000000<.L.<=3.0000000,0.0,0.23482180189641388,-0.18730769825408922,0.014166452003556838,-0.13103498437925254,0.11327616286612971
Sum of 3.0000000<.L.<=4.0000000,0.0,0.29050694393936527,-0.25715469577909905,-0.3362653787605723,-0.3657060254084157,0.008888561804793957
Sum of .L.>4.0000000,0.0,0.035044574722305336,-0.009026106891933724,-0.11628888047732275,0.0651072502132812,0.049436301314348736
Sum of .L.>0.0000000,0.0,0.1454012582794977,0.47944607239374054,0.32587181064340537,-0.038678765994179465,-0.019932451044102975
