,Root Length Diameter Range 1 (px),Root Length Diameter Range 2 (px),Root Length Diameter Range 3 (px),Root Length Diameter Range 4 (px),Root Length Diameter Range 5 (px),total_images
Sum of 0<.L.<=1.000000,0.0,0.14045910439956077,0.635070184736318,0.4512311672389955,-0.01409265534045076,-0.0013117299178689173
Sum of 1.0000000<.L.<=2.0000000,0.0,0.03164305366274929,0.2885887726487415,0.5619919238948685,-0.008177276045676918,-0.14079110185674476
Sum of 2.0000000<.L.<=3.0000000,0.0,0.21261300349897796,-0.13279874067961261,0.2299153196737472,-0.2652010379026778,0.11327616286612971
Sum of 3.0000000<.L.<=4.0000000,0.0,0.21880284141567208,-0.07324696261795619,-0.09459152017759925,-0.34584392917055246,0.008888561804793957
Sum of .L.>4.0000000,0.0,-0.011148326593186292,0.11576268295367159,-0.12459533484642497,0.07175601083591086,0.049436301314348736
Sum of .L.>0.0000000,0.0,0.13454474887259488,0.5759538781907217,0.4857607436471893,-0.02760560826437719,-0.019932451044102975
