,Root Length Diameter Range 1 (px),Root Length Diameter Range 2 (px),Root Length Diameter Range 3 (px),Root Length Diameter Range 4 (px),Root Length Diameter Range 5 (px),total_images
Sum of 0<.L.<=1.000000,0.0,0.09748597947946933,0.2801054140116245,-0.3359542673435575,0.0,0.0855922335303468
Sum of 1.0000000<.L.<=2.0000000,0.0,0.29795392325118897,-0.169641886827311,-0.4005065270755792,0.0,0.19283467873428228
Sum of 2.0000000<.L.<=3.0000000,0.0,0.4265362555675015,-0.26441550391187213,0.06427611293860394,0.0,0.344913173912052
Sum of 3.0000000<.L.<=4.0000000,0.0,0.6354092901815283,0.6112234297364303,0.12101445261925575,0.0,0.6240038711420743
Sum of .L.>4.0000000,0.0,0.19224501200284239,0.906145265471473,-0.16140779624625967,0.0,0.16853156733790373
Sum of .L.>0.0000000,0.0,0.1576616402939477,0.19846897915180323,-0.34769294139734924,0.0,0.12547190828367621
