,Root Length Diameter Range 1 (px),Root Length Diameter Range 2 (px),Root Length Diameter Range 3 (px),Root Length Diameter Range 4 (px),Root Length Diameter Range 5 (px),total_images
Sum of 0<.L.<=1.000000,0.0,0.0303030303030303,0.4545454545454545,0.41818181818181815,0.3696969696969697,-0.3868124850105911
Sum of 1.0000000<.L.<=2.0000000,0.0,-0.05454545454545454,0.01818181818181818,0.4787878787878787,0.28484848484848485,-0.13767902008851546
Sum of 2.0000000<.L.<=3.0000000,0.0,0.3939393939393939,-0.22424242424242422,0.16363636363636364,-0.09090909090909088,0.2425773211083368
Sum of 3.0000000<.L.<=4.0000000,0.0,0.34545454545454546,-0.17575757575757575,0.01818181818181818,0.0303030303030303,0.006556143813738832
Sum of .L.>4.0000000,0.0,-0.09697622757528537,0.10990639125199012,0.20041753698892312,0.5495319562599505,-0.3986403892498927
Sum of .L.>0.0000000,0.0,-0.10303030303030303,0.32121212121212117,0.5030303030303029,0.34545454545454546,-0.3868124850105911
