,Root Length Diameter Range 1 (px),Root Length Diameter Range 2 (px),Root Length Diameter Range 3 (px),Root Length Diameter Range 4 (px),Root Length Diameter Range 5 (px),total_images
Sum of 0<.L.<=1.000000,0.0,-0.5393939393939393,-0.38181818181818183,-0.05471149893120582,0.0,0.07926976633148354
Sum of 1.0000000<.L.<=2.0000000,0.0,-0.18787878787878787,0.19999999999999998,-0.06079055436800646,0.0,-0.2621999963272148
Sum of 2.0000000<.L.<=3.0000000,0.0,0.2606060606060606,0.13939393939393938,-0.08510677611520905,0.0,0.06097674333191042
Sum of 3.0000000<.L.<=4.0000000,0.0,-0.006060606060606061,-0.06666666666666665,0.2553203283456271,0.0,0.12195348666382085
Sum of .L.>4.0000000,0.0,-0.5624621199366552,-0.21334770066562783,0.1491495374609347,0.0,0.1496063518153243
Sum of .L.>0.0000000,0.0,-0.5515151515151515,-0.2727272727272727,-0.01823716631040194,0.0,-0.15244185832977605
