,Root Length Diameter Range 1 (px),Root Length Diameter Range 2 (px),Root Length Diameter Range 3 (px),Root Length Diameter Range 4 (px),Root Length Diameter Range 5 (px),total_images
Sum of 0<.L.<=1.000000,0.0,0.36138846969800276,0.17786224531869765,-0.058298960800289595,0.0,0.13490513594113973
Sum of 1.0000000<.L.<=2.0000000,0.0,0.2295762585408921,0.43004145331052146,0.4580536129395407,0.0,0.16208396054631727
Sum of 2.0000000<.L.<=3.0000000,0.0,0.27031629664786155,0.5495151148003267,0.602412951172293,0.0,0.27494819007274307
Sum of 3.0000000<.L.<=4.0000000,0.0,0.6483929131392818,0.6069999122601222,0.41041466796696435,0.0,0.5567665608411303
Sum of .L.>4.0000000,0.0,0.3080165945371003,0.11805807859529777,-0.17888193583355222,0.0,0.1730471079313663
Sum of .L.>0.0000000,0.0,0.3599728377210091,0.253441594750432,0.06100926498046568,0.0,0.15779091355780323
