,Root Length Diameter Range 1 (px),Root Length Diameter Range 2 (px),Root Length Diameter Range 3 (px),Root Length Diameter Range 4 (px),Root Length Diameter Range 5 (px),total_images
Sum of 0<.L.<=1.000000,0.0,0.2039535505150819,0.6559661762984723,0.5449724503120064,0.4005328474845839,0.06467759835527162
Sum of 1.0000000<.L.<=2.0000000,0.0,0.15818067330123792,0.42945452358018815,0.6570503152863316,0.35855092788133947,-0.015253079686445709
Sum of 2.0000000<.L.<=3.0000000,0.0,0.26775729273377147,0.15374429400123615,0.41949759985675283,0.019029446743738326,0.22474704157024333
Sum of 3.0000000<.L.<=4.0000000,0.0,0.46142815707128143,0.378163936218649,0.3758979044088331,0.20213921638015997,0.3049504557162638
Sum of .L.>4.0000000,0.0,0.13472509087914772,0.2730368408969245,0.16151101885022726,0.3896769889579901,0.17289844829544457
Sum of .L.>0.0000000,0.0,0.21403222782838557,0.6344166882755456,0.5931623002149358,0.40088661739319853,0.0643972002853099
