,Root Length Diameter Range 1 (px),Root Length Diameter Range 2 (px),Root Length Diameter Range 3 (px),Root Length Diameter Range 4 (px),Root Length Diameter Range 5 (px),total_images
Sum of 0<.L.<=1.000000,0.0,0.8261470402570051,0.6708947147677536,0.3664874239616453,0.0,-0.26701016000294814
Sum of 1.0000000<.L.<=2.0000000,0.0,0.6298304216740643,0.4530106222546623,0.3869543755776817,0.0,-0.40770707196073297
Sum of 2.0000000<.L.<=3.0000000,0.0,0.3199773104038577,-0.017710827272560837,0.07146393229399156,0.0,-0.10775817076943511
Sum of 3.0000000<.L.<=4.0000000,0.0,0.34174763950792075,0.08449592493899946,0.08008823638751,0.0,-0.009356289648524134
Sum of .L.>4.0000000,0.0,0.20713951496386424,0.19756623255415454,0.03991426631692818,0.0,0.04717616824753059
Sum of .L.>0.0000000,0.0,0.8193481322281773,0.641031185594821,0.37822650271446456,0.0,-0.29954719462892154
