,Root Length Diameter Range 1 (px),Root Length Diameter Range 2 (px),Root Length Diameter Range 3 (px),Root Length Diameter Range 4 (px),Root Length Diameter Range 5 (px),total_images
Sum of 0<.L.<=1.000000,0.0,0.35029484120835885,0.32573884582851576,0.52945945229424,0.0,-0.09028103317834865
Sum of 1.0000000<.L.<=2.0000000,0.0,0.34313177374913556,0.4013510841001965,0.47510390005292114,0.0,0.05309901759920046
Sum of 2.0000000<.L.<=3.0000000,0.0,0.39523771914676664,0.23422570702463363,0.30637526634392276,0.0,0.37074531506541386
Sum of 3.0000000<.L.<=4.0000000,0.0,0.6608525556258513,0.5020977333082969,0.5055558054503617,0.0,0.5382386605137602
Sum of .L.>4.0000000,0.0,0.24667297826189216,0.3013613050246146,0.3463743733396287,0.0,0.2011582128912498
Sum of .L.>0.0000000,0.0,0.37621183256278545,0.35729866661857035,0.5444248051871903,0.0,-0.04534815640651222
