,Root Length Diameter Range 1 (px),Root Length Diameter Range 2 (px),Root Length Diameter Range 3 (px),Root Length Diameter Range 4 (px),Root Length Diameter Range 5 (px),total_images
Sum of 0<.L.<=1.000000,0.0,0.1826602618247109,0.0,0.0,0.0,0.1869553849163681
Sum of 1.0000000<.L.<=2.0000000,0.0,0.501209807619687,0.0,0.0,0.0,0.5191831576236613
Sum of 2.0000000<.L.<=3.0000000,0.0,0.23089433622341676,0.0,0.0,0.0,0.24539754304445624
Sum of 3.0000000<.L.<=4.0000000,0.0,-0.11894229453205912,0.0,0.0,0.0,-0.12420431630384518
Sum of .L.>4.0000000,0.0,-0.29766945986902027,0.0,0.0,0.0,-0.2945646269608207
Sum of .L.>0.0000000,0.0,0.24956663353809366,0.0,0.0,0.0,0.2569498377829393
