,Root Length Diameter Range 1 (px),Root Length Diameter Range 2 (px),Root Length Diameter Range 3 (px),Root Length Diameter Range 4 (px),Root Length Diameter Range 5 (px),total_images
Sum of 0<.L.<=1.000000,0.0,0.1515151515151515,0.0,0.0,0.0,0.1702135522304181
Sum of 1.0000000<.L.<=2.0000000,0.0,0.6,0.0,0.0,0.0,0.6079055436800646
Sum of 2.0000000<.L.<=3.0000000,0.0,0.28484848484848485,0.0,0.0,0.0,0.2613993837824278
Sum of 3.0000000<.L.<=4.0000000,0.0,-0.01818181818181818,0.0,0.0,0.0,-0.04255338805760452
Sum of .L.>4.0000000,0.0,-0.03232540919176179,0.0,0.0,0.0,-0.032423812491507546
Sum of .L.>0.0000000,0.0,0.3939393939393939,0.0,0.0,0.0,0.4012176588288426
