,Root Length Diameter Range 1 (px),Root Length Diameter Range 2 (px),Root Length Diameter Range 3 (px),Root Length Diameter Range 4 (px),Root Length Diameter Range 5 (px),total_images
Sum of 0<.L.<=1.000000,0.0,0.3378122408144613,0.6005821809914677,0.3156880932677964,-0.07987071723886399,-0.16054090123079093
Sum of 1.0000000<.L.<=2.0000000,0.0,0.26141686277042286,0.4021848875556318,0.48575173905864477,-0.39939649214651657,-0.1726799861230263
Sum of 2.0000000<.L.<=3.0000000,0.0,0.23772754099820914,0.06195953773842987,0.2773467594909791,-0.03445556341194342,0.27459909611536876
Sum of 3.0000000<.L.<=4.0000000,0.0,0.16736502994556607,-0.08639545963336735,0.0029249955171562203,0.302968723832518,0.26591615310094685
Sum of .L.>4.0000000,0.0,-0.01701489184596753,-0.02581390928815547,-0.31224171729735,0.18024065818071572,-0.05601936563175508
Sum of .L.>0.0000000,0.0,0.34069640241717253,0.5755722095369427,0.3612644063170014,-0.13566691492876495,-0.1500906836926296
