,Root Length Diameter Range 1 (px),Root Length Diameter Range 2 (px),Root Length Diameter Range 3 (px),Root Length Diameter Range 4 (px),Root Length Diameter Range 5 (px),total_images
Sum of 0<.L.<=1.000000,0.0,-0.12620997551494312,0.0,0.0,0.0,-0.09465408091090793
Sum of 1.0000000<.L.<=2.0000000,0.0,-0.05598737707011423,0.0,0.0,0.0,-0.026223495002591996
Sum of 2.0000000<.L.<=3.0000000,0.0,0.31496895719490847,0.0,0.0,0.0,0.27316653909785016
Sum of 3.0000000<.L.<=4.0000000,0.0,0.643060211114677,0.0,0.0,0.0,0.6493644457641695
Sum of .L.>4.0000000,0.0,0.3314235040732071,0.0,0.0,0.0,0.42961154333280777
Sum of .L.>0.0000000,0.0,-0.0961201190520643,0.0,0.0,0.0,-0.06622322111781104
