,Root Length Diameter Range 1 (px),Root Length Diameter Range 2 (px),Root Length Diameter Range 3 (px),Root Length Diameter Range 4 (px),Root Length Diameter Range 5 (px),total_images
Sum of 0<.L.<=1.000000,0.0,-0.006060606060606061,0.0,0.0,0.0,-0.06666666666666665
Sum of 1.0000000<.L.<=2.0000000,0.0,-0.006060606060606061,0.0,0.0,0.0,-0.10303030303030303
Sum of 2.0000000<.L.<=3.0000000,0.0,0.35757575757575755,0.0,0.0,0.0,0.18787878787878787
Sum of 3.0000000<.L.<=4.0000000,0.0,0.6484848484848483,0.0,0.0,0.0,0.5393939393939393
Sum of .L.>4.0000000,0.0,0.42023031949290335,0.0,0.0,0.0,0.45902081052301746
Sum of .L.>0.0000000,0.0,0.07878787878787878,0.0,0.0,0.0,0.006060606060606061
