,Root Length Diameter Range 1 (px),Root Length Diameter Range 2 (px),Root Length Diameter Range 3 (px),Root Length Diameter Range 4 (px),Root Length Diameter Range 5 (px),total_images
Sum of 0<.L.<=1.000000,0.0,-0.09888879013616203,0.46037185303081135,-0.23961208558846786,-0.3083857124800138,0.17244304123419174
Sum of 1.0000000<.L.<=2.0000000,0.0,-0.21304723524441674,0.5359820996192582,0.25363753343571527,0.12438894512108299,-0.1133962560399677
Sum of 2.0000000<.L.<=3.0000000,0.0,0.06469890862168236,0.5947608461268967,0.24092140513214938,0.07410213384017957,0.03991106233940774
Sum of 3.0000000<.L.<=4.0000000,0.0,0.036538044560012,0.4823025325345159,-0.1794237184401306,-0.027970587484464196,0.20337301139235014
Sum of .L.>4.0000000,0.0,-0.13098021209892824,0.06862861184863417,-0.1365534898570054,-0.030803775245927395,0.036118553872448
Sum of .L.>0.0000000,0.0,-0.11685141971195195,0.5099698021796982,-0.1467981776634234,-0.23368206440929737,0.12803910147255926
