,Root Length Diameter Range 1 (px),Root Length Diameter Range 2 (px),Root Length Diameter Range 3 (px),Root Length Diameter Range 4 (px),Root Length Diameter Range 5 (px),total_images
Sum of 0<.L.<=1.000000,0.0,0.8262628813027246,0.6703829240903075,0.36531341590694477,0.0,-0.26701016000294814
Sum of 1.0000000<.L.<=2.0000000,0.0,0.6294102816550239,0.45291750887299853,0.3856084231575835,0.0,-0.40770707196073297
Sum of 2.0000000<.L.<=3.0000000,0.0,0.3192152347816617,-0.017796580305253145,0.07659114226282772,0.0,-0.10775817076943511
Sum of 3.0000000<.L.<=4.0000000,0.0,0.34187776051298124,0.08373058602256415,0.0873163516301777,0.0,-0.009356289648524134
Sum of .L.>4.0000000,0.0,0.2087667657864452,0.19695522681832905,0.0393381850182838,0.0,0.04717616824753059
Sum of .L.>0.0000000,0.0,0.819340886703382,0.6405761601826541,0.3772920068429778,0.0,-0.29954719462892154
