,Root Length Diameter Range 1 (px),Root Length Diameter Range 2 (px),Root Length Diameter Range 3 (px),Root Length Diameter Range 4 (px),Root Length Diameter Range 5 (px),total_images
Sum of 0<.L.<=1.000000,0.0,0.04189966898723028,-0.0975943155884333,0.0,0.0,-0.18782969502812577
Sum of 1.0000000<.L.<=2.0000000,0.0,0.009625448920938563,-0.24095980547481094,0.0,0.0,0.042952846070349604
Sum of 2.0000000<.L.<=3.0000000,0.0,0.1015855658498679,-0.23856896188387508,0.0,0.0,0.422473335518906
Sum of 3.0000000<.L.<=4.0000000,0.0,0.4448802009686632,0.2512325894208307,0.0,0.0,0.3946685565425421
Sum of .L.>4.0000000,0.0,0.5138063900474419,0.5513347563439097,0.0,0.0,0.1350555029815642
Sum of .L.>0.0000000,0.0,0.04536473811213895,-0.13216966627410082,0.0,0.0,-0.1273849118818729
