,Root Length Diameter Range 1 (px),Root Length Diameter Range 2 (px),Root Length Diameter Range 3 (px),Root Length Diameter Range 4 (px),Root Length Diameter Range 5 (px),total_images
Sum of 0<.L.<=1.000000,0.0,0.8261778104447506,0.6712457410801571,0.3664874239616453,0.0,-0.26701016000294814
Sum of 1.0000000<.L.<=2.0000000,0.0,0.6298739453283256,0.45338750954972284,0.3869543755776817,0.0,-0.40770707196073297
Sum of 2.0000000<.L.<=3.0000000,0.0,0.3190475186470447,-0.017079311170350907,0.07146393229399156,0.0,-0.10775817076943511
Sum of 3.0000000<.L.<=4.0000000,0.0,0.3410979950356814,0.08540235201553265,0.08008823638751,0.0,-0.009356289648524134
Sum of .L.>4.0000000,0.0,0.20770697202939342,0.19814302060234174,0.03991426631692818,0.0,0.04717616824753059
Sum of .L.>0.0000000,0.0,0.8193349839165094,0.6414272794489497,0.37822650271446456,0.0,-0.29954719462892154
