,Root Length Diameter Range 1 (px),Root Length Diameter Range 2 (px),Root Length Diameter Range 3 (px),Root Length Diameter Range 4 (px),Root Length Diameter Range 5 (px),total_images
Sum of 0<.L.<=1.000000,0.0,0.7666751482794736,0.6682936238022334,0.5337779752751497,0.0,-0.26701016000294814
Sum of 1.0000000<.L.<=2.0000000,0.0,0.5719764897732489,0.5004171287930805,0.44436774658984013,0.0,-0.40770707196073297
Sum of 2.0000000<.L.<=3.0000000,0.0,0.1930296439872995,0.05307919506218663,0.12685776154425726,0.0,-0.10775817076943511
Sum of 3.0000000<.L.<=4.0000000,0.0,0.27749309287117163,-0.10098046771491356,-0.08273298385222641,0.0,-0.009356289648524134
Sum of .L.>4.0000000,0.0,0.25538349355455847,-0.14259950621568512,-0.2209991547895347,0.0,0.04717616824753059
Sum of .L.>0.0000000,0.0,0.753185494693688,0.6485673318018824,0.5295089458732213,0.0,-0.29954719462892154
