,Root Length Diameter Range 1 (px),Root Length Diameter Range 2 (px),Root Length Diameter Range 3 (px),Root Length Diameter Range 4 (px),Root Length Diameter Range 5 (px),total_images
Sum of 0<.L.<=1.000000,0.0,0.8264370081250172,0.6716191192783357,0.36366683068520894,0.0,-0.26701016000294814
Sum of 1.0000000<.L.<=2.0000000,0.0,0.6308549977007979,0.454344710191623,0.3828471695845134,0.0,-0.40770707196073297
Sum of 2.0000000<.L.<=3.0000000,0.0,0.3205605440128931,-0.016592660894662457,0.07268132876694636,0.0,-0.10775817076943511
Sum of 3.0000000<.L.<=4.0000000,0.0,0.34188465991655553,0.08458713214720681,0.08383724240012365,0.0,-0.009356289648524134
Sum of .L.>4.0000000,0.0,0.2071530173482477,0.19706008375402922,0.0380682842190806,0.0,0.04717616824753059
Sum of .L.>0.0000000,0.0,0.8197972920293086,0.6419221039892982,0.37522463763017183,0.0,-0.29954719462892154
