,Root Length Diameter Range 1 (px),Root Length Diameter Range 2 (px),Root Length Diameter Range 3 (px),Root Length Diameter Range 4 (px),Root Length Diameter Range 5 (px),total_images
Sum of 0<.L.<=1.000000,0.0,0.8264691062800538,0.6715257377120549,0.36699587772994463,0.0,-0.26701016000294814
Sum of 1.0000000<.L.<=2.0000000,0.0,0.6293213457955429,0.45382011562729196,0.3871122275230161,0.0,-0.40770707196073297
Sum of 2.0000000<.L.<=3.0000000,0.0,0.3193976623176184,-0.01705492822716344,0.07121282446386219,0.0,-0.10775817076943511
Sum of 3.0000000<.L.<=4.0000000,0.0,0.3415545745915254,0.08512095089814539,0.08138227065617498,0.0,-0.009356289648524134
Sum of .L.>4.0000000,0.0,0.20786984951599677,0.19799816310066404,0.040466520736634176,0.0,0.04717616824753059
Sum of .L.>0.0000000,0.0,0.8195030494144696,0.6417361991916954,0.37867672338645875,0.0,-0.29954719462892154
