,Root Length Diameter Range 1 (px),Root Length Diameter Range 2 (px),Root Length Diameter Range 3 (px),Root Length Diameter Range 4 (px),Root Length Diameter Range 5 (px),total_images
Sum of 0<.L.<=1.000000,0.0,0.7671578916275471,0.6671797573025885,0.5337779752751497,0.0,-0.26701016000294814
Sum of 1.0000000<.L.<=2.0000000,0.0,0.5729268315005605,0.4990527787753058,0.44436774658984013,0.0,-0.40770707196073297
Sum of 2.0000000<.L.<=3.0000000,0.0,0.19423612331533832,0.051430209912010416,0.12685776154425726,0.0,-0.10775817076943511
Sum of 3.0000000<.L.<=4.0000000,0.0,0.27779841490729884,-0.10219585465966605,-0.08273298385222641,0.0,-0.009356289648524134
Sum of .L.>4.0000000,0.0,0.25439562145422906,-0.14290108126238915,-0.2209991547895347,0.0,0.04717616824753059
Sum of .L.>0.0000000,0.0,0.7538115536791665,0.6473111674024722,0.5295089458732213,0.0,-0.29954719462892154
