,Root Length Diameter Range 1 (px),Root Length Diameter Range 2 (px),Root Length Diameter Range 3 (px),Root Length Diameter Range 4 (px),Root Length Diameter Range 5 (px),total_images
Sum of 0<.L.<=1.000000,0.0,0.8261041559278353,0.6714747836397572,0.36531341590694477,0.0,-0.26701016000294814
Sum of 1.0000000<.L.<=2.0000000,0.0,0.6299705279599817,0.4539925346665254,0.3856084231575835,0.0,-0.40770707196073297
Sum of 2.0000000<.L.<=3.0000000,0.0,0.3199888040735799,-0.017110519680526196,0.07659114226282772,0.0,-0.10775817076943511
Sum of 3.0000000<.L.<=4.0000000,0.0,0.34172007640150703,0.08496800791596784,0.0873163516301777,0.0,-0.009356289648524134
Sum of .L.>4.0000000,0.0,0.20777129995934324,0.19762735141030252,0.0393381850182838,0.0,0.04717616824753059
Sum of .L.>0.0000000,0.0,0.8193383922939501,0.6417189519387109,0.3772920068429778,0.0,-0.29954719462892154
