,Root Length Diameter Range 1 (px),Root Length Diameter Range 2 (px),Root Length Diameter Range 3 (px),Root Length Diameter Range 4 (px),Root Length Diameter Range 5 (px),total_images
Sum of 0<.L.<=1.000000,0.0,0.04452001840269794,-0.0963377980846637,0.0,0.0,-0.18782969502812577
Sum of 1.0000000<.L.<=2.0000000,0.0,0.013523731775847255,-0.23837243661462154,0.0,0.0,0.042952846070349604
Sum of 2.0000000<.L.<=3.0000000,0.0,0.10179068207699545,-0.2400090017907176,0.0,0.0,0.422473335518906
Sum of 3.0000000<.L.<=4.0000000,0.0,0.4441881994541142,0.2488559274946363,0.0,0.0,0.3946685565425421
Sum of .L.>4.0000000,0.0,0.5148095072714786,0.5519198354027692,0.0,0.0,0.1350555029815642
Sum of .L.>0.0000000,0.0,0.048245225523478354,-0.1307483587654022,0.0,0.0,-0.1273849118818729
