,Root Length Diameter Range 1 (px),Root Length Diameter Range 2 (px),Root Length Diameter Range 3 (px),Root Length Diameter Range 4 (px),Root Length Diameter Range 5 (px),total_images
Sum of 0<.L.<=1.000000,0.0,0.8260967376265603,0.6706442338953539,0.36531341590694477,0.0,-0.26701016000294814
Sum of 1.0000000<.L.<=2.0000000,0.0,0.630155355799052,0.45287396187981044,0.3856084231575835,0.0,-0.40770707196073297
Sum of 2.0000000<.L.<=3.0000000,0.0,0.31960279415176235,-0.017900312769897776,0.07659114226282772,0.0,-0.10775817076943511
Sum of 3.0000000<.L.<=4.0000000,0.0,0.340851642222694,0.0841167656930661,0.0873163516301777,0.0,-0.009356289648524134
Sum of .L.>4.0000000,0.0,0.2066931994663489,0.19777453254635496,0.0393381850182838,0.0,0.04717616824753059
Sum of .L.>0.0000000,0.0,0.8193383490939444,0.6407868983492999,0.3772920068429778,0.0,-0.29954719462892154
