,Root Length Diameter Range 1 (px),Root Length Diameter Range 2 (px),Root Length Diameter Range 3 (px),Root Length Diameter Range 4 (px),Root Length Diameter Range 5 (px),total_images
Sum of 0<.L.<=1.000000,0.0,0.8262952306369472,0.6724704671455671,0.36366683068520894,0.0,-0.26701016000294814
Sum of 1.0000000<.L.<=2.0000000,0.0,0.629053052184878,0.4554173727752415,0.3828471695845134,0.0,-0.40770707196073297
Sum of 2.0000000<.L.<=3.0000000,0.0,0.3185727347140933,-0.015473181779853663,0.07268132876694636,0.0,-0.10775817076943511
Sum of 3.0000000<.L.<=4.0000000,0.0,0.33981475881467776,0.08609682343971872,0.08383724240012365,0.0,-0.009356289648524134
Sum of .L.>4.0000000,0.0,0.20671674450812932,0.19782764398299418,0.0380682842190806,0.0,0.04717616824753059
Sum of .L.>0.0000000,0.0,0.8192590199205441,0.6428852356230254,0.37522463763017183,0.0,-0.29954719462892154
