,Root Length Diameter Range 1 (px),Root Length Diameter Range 2 (px),Root Length Diameter Range 3 (px),Root Length Diameter Range 4 (px),Root Length Diameter Range 5 (px),total_images
Sum of 0<.L.<=1.000000,0.0,0.06666666666666665,-0.06666666666666665,0.0,0.0,-0.4159196446032918
Sum of 1.0000000<.L.<=2.0000000,0.0,0.05454545454545454,-0.11515151515151514,0.0,0.0,-0.11009637651263605
Sum of 2.0000000<.L.<=3.0000000,0.0,0.09090909090909088,-0.13939393939393938,0.0,0.0,0.23854214911071145
Sum of 3.0000000<.L.<=4.0000000,0.0,0.38181818181818183,0.18787878787878787,0.0,0.0,0.3364055948997212
Sum of .L.>4.0000000,0.0,0.09697622757528537,-0.006465081838352359,0.0,0.0,-0.18921540406584889
Sum of .L.>0.0000000,0.0,0.2727272727272727,0.13939393939393938,0.0,0.0,-0.17126103013076718
