,Root Length Diameter Range 1 (px),Root Length Diameter Range 2 (px),Root Length Diameter Range 3 (px),Root Length Diameter Range 4 (px),Root Length Diameter Range 5 (px),total_images
Sum of 0<.L.<=1.000000,0.0,0.17575757575757575,0.5636363636363636,-0.01818181818181818,-0.2613993837824278,0.06079055436800646
Sum of 1.0000000<.L.<=2.0000000,0.0,-0.10303030303030303,0.43030303030303024,0.35757575757575755,-0.26747843921922837,-0.29179466096643103
Sum of 2.0000000<.L.<=3.0000000,0.0,0.29696969696969694,0.34545454545454546,0.5515151515151515,-0.2978737164032316,-0.01823716631040194
Sum of 3.0000000<.L.<=4.0000000,0.0,0.35757575757575755,0.35757575757575755,0.3939393939393939,-0.06079055436800646,0.04255338805760452
Sum of .L.>4.0000000,0.0,-0.01939524551505708,0.43316048316960803,0.07111590022187594,0.20102763744734678,0.13618001246433167
Sum of .L.>0.0000000,0.0,0.01818181818181818,0.4424242424242424,0.1515151515151515,-0.2492412729088265,-0.18237166310401937
