,Root Length Diameter Range 1 (px),Root Length Diameter Range 2 (px),Root Length Diameter Range 3 (px),Root Length Diameter Range 4 (px),Root Length Diameter Range 5 (px),total_images
Sum of 0<.L.<=1.000000,0.0,0.24027086454748106,0.6097025840962464,0.28069061937467216,-0.3120845006193581,0.2305557540680409
Sum of 1.0000000<.L.<=2.0000000,0.0,0.0020271271745879726,0.5033044858187935,0.5328015850897795,-0.29736698068629425,-0.11627374605767361
Sum of 2.0000000<.L.<=3.0000000,0.0,-0.020883249689329766,0.24363971156968478,0.601941453456175,-0.2727108153790011,-0.05949676450572538
Sum of 3.0000000<.L.<=4.0000000,0.0,0.09208526392810891,0.2968372742228121,0.279570351338065,-0.021894300283881972,0.147909335769554
Sum of .L.>4.0000000,0.0,0.008805163740409176,0.21115778491462894,-0.03102425711513551,0.2544354354780286,0.09250588069251617
Sum of .L.>0.0000000,0.0,0.20131889708844775,0.6121008658809837,0.35775384101957364,-0.3256300633768155,0.17135587725991228
