,Root Length Diameter Range 1 (px),Root Length Diameter Range 2 (px),Root Length Diameter Range 3 (px),Root Length Diameter Range 4 (px),Root Length Diameter Range 5 (px),total_images
Sum of 0<.L.<=1.000000,0.0,0.24262235256648412,0.60497438736008,0.29324517414377926,-0.3689371434604133,0.2305557540680409
Sum of 1.0000000<.L.<=2.0000000,0.0,0.0021010470033532014,0.5151543048412598,0.6683117922698473,-0.33287870287153787,-0.11627374605767361
Sum of 2.0000000<.L.<=3.0000000,0.0,-0.02370798520783045,0.2537171178978338,0.6949376699619211,-0.2604667869488458,-0.05949676450572538
Sum of 3.0000000<.L.<=4.0000000,0.0,0.08987984775332623,0.28185210063051813,0.26338314204893154,-0.11124596211319675,0.147909335769554
Sum of .L.>4.0000000,0.0,0.009435255342635583,0.1774500302895989,-0.1480809226196314,0.21518079167524629,0.09250588069251617
Sum of .L.>0.0000000,0.0,0.20315783920771463,0.6105038096773016,0.395806560126875,-0.37945586137331294,0.17135587725991228
