,Root Length Diameter Range 1 (px),Root Length Diameter Range 2 (px),Root Length Diameter Range 3 (px),Root Length Diameter Range 4 (px),Root Length Diameter Range 5 (px),total_images
Sum of 0<.L.<=1.000000,0.0,0.07940125483902777,0.5667856729700574,0.32792827685645193,-0.006382838090571691,0.17244304123419174
Sum of 1.0000000<.L.<=2.0000000,0.0,-0.1363419767523551,0.31528534165255445,0.5737088008594721,0.47030567719792427,-0.1133962560399677
Sum of 2.0000000<.L.<=3.0000000,0.0,-0.04596913854892635,0.18732667237324813,0.4446280906403131,0.4760435668201339,0.03991106233940774
Sum of 3.0000000<.L.<=4.0000000,0.0,0.043102339419903046,0.4081863825254611,0.07761561034535157,-0.08799926090660058,0.20337301139235014
Sum of .L.>4.0000000,0.0,-0.06706526062596682,0.3235234656691074,-0.03961012713132023,-0.27243660625436916,0.036118553872448
Sum of .L.>0.0000000,0.0,0.04083078441677482,0.5417618643310795,0.3958083365892095,0.09763197921206881,0.12803910147255926
