,Root Length Diameter Range 1 (px),Root Length Diameter Range 2 (px),Root Length Diameter Range 3 (px),Root Length Diameter Range 4 (px),Root Length Diameter Range 5 (px),total_images
Sum of 0<.L.<=1.000000,0.0,-0.15872438801074548,-0.33595426734355754,0.0,0.0,-0.1667501074676514
Sum of 1.0000000<.L.<=2.0000000,0.0,0.0811643093652051,-0.4005065270755792,0.0,0.0,0.11229153637607138
Sum of 2.0000000<.L.<=3.0000000,0.0,0.017883621287403936,0.06427611293860397,0.0,0.0,0.11976277671304786
Sum of 3.0000000<.L.<=4.0000000,0.0,-0.27827187333573683,0.12101445261925575,0.0,0.0,-0.2770270327201402
Sum of .L.>4.0000000,0.0,-0.35570247433921953,-0.16140779624625967,0.0,0.0,-0.5031026725989681
Sum of .L.>0.0000000,0.0,-0.12057107001012694,-0.34769294139734924,0.0,0.0,-0.11741105755656826
