,Root Length Diameter Range 1 (px),Root Length Diameter Range 2 (px),Root Length Diameter Range 3 (px),Root Length Diameter Range 4 (px),Root Length Diameter Range 5 (px),total_images
Sum of 0<.L.<=1.000000,0.0,-0.01818181818181818,-0.2006088294144213,0.0,0.0,-0.22424242424242422
Sum of 1.0000000<.L.<=2.0000000,0.0,-0.0303030303030303,0.04255338805760452,0.0,0.0,-0.16363636363636364
Sum of 2.0000000<.L.<=3.0000000,0.0,0.06666666666666665,0.024316221747202584,0.0,0.0,0.06666666666666665
Sum of 3.0000000<.L.<=4.0000000,0.0,0.3696969696969697,0.20668788485122197,0.0,0.0,0.3939393939393939
Sum of .L.>4.0000000,0.0,0.03232540919176179,0.18157334995244226,0.0,0.0,-0.006465081838352359
Sum of .L.>0.0000000,0.0,0.19999999999999998,-0.03647433262080388,0.0,0.0,0.006060606060606061
