,Root Length Diameter Range 1 (px),Root Length Diameter Range 2 (px),Root Length Diameter Range 3 (px),Root Length Diameter Range 4 (px),Root Length Diameter Range 5 (px),total_images
Sum of 0<.L.<=1.000000,0.0,0.019513029321884673,-0.2888332040494914,0.0,0.0,0.047224436363016646
Sum of 1.0000000<.L.<=2.0000000,0.0,0.024749786169337613,-0.07314419312116027,0.0,0.0,0.1671290595973813
Sum of 2.0000000<.L.<=3.0000000,0.0,0.16827651581268135,0.11439614035577704,0.0,0.0,0.3809231226286075
Sum of 3.0000000<.L.<=4.0000000,0.0,0.5094729499061019,0.2687581676908541,0.0,0.0,0.48389973276718434
Sum of .L.>4.0000000,0.0,0.5085837416960745,0.374514093981976,0.0,0.0,0.3043573518574199
Sum of .L.>0.0000000,0.0,0.032739085543523616,-0.24695241636516366,0.0,0.0,0.09011693746757402
