,Root Length Diameter Range 1 (px),Root Length Diameter Range 2 (px),Root Length Diameter Range 3 (px),Root Length Diameter Range 4 (px),Root Length Diameter Range 5 (px),total_images
Sum of 0<.L.<=1.000000,0.0,0.7673540934949519,0.6681731310872266,0.5337779752751497,0.0,-0.26701016000294814
Sum of 1.0000000<.L.<=2.0000000,0.0,0.5725182807921949,0.49901466429603114,0.44436774658984013,0.0,-0.40770707196073297
Sum of 2.0000000<.L.<=3.0000000,0.0,0.1941068366160628,0.05169892976425938,0.12685776154425726,0.0,-0.10775817076943511
Sum of 3.0000000<.L.<=4.0000000,0.0,0.278582974376377,-0.10182514091465357,-0.08273298385222641,0.0,-0.009356289648524134
Sum of .L.>4.0000000,0.0,0.2554322092399812,-0.14260134396918223,-0.2209991547895347,0.0,0.04717616824753059
Sum of .L.>0.0000000,0.0,0.753906006333982,0.6481529263328158,0.5295089458732213,0.0,-0.29954719462892154
