,Root Length Diameter Range 1 (px),Root Length Diameter Range 2 (px),Root Length Diameter Range 3 (px),Root Length Diameter Range 4 (px),Root Length Diameter Range 5 (px),total_images
Sum of 0<.L.<=1.000000,0.0,0.8060606060606059,0.6848484848484848,0.49781130155313164,0.0,-0.5859001137386332
Sum of 1.0000000<.L.<=2.0000000,0.0,0.41818181818181815,0.309090909090909,0.2650683553724467,0.0,-0.5983660736054126
Sum of 2.0000000<.L.<=3.0000000,0.0,0.19999999999999998,-0.04242424242424241,0.04525557286846651,0.0,-0.20568833780186058
Sum of 3.0000000<.L.<=4.0000000,0.0,0.33333333333333326,-0.10303030303030303,-0.1745572096355137,0.0,-0.09349469900084571
Sum of .L.>4.0000000,0.0,0.4848811378764269,0.35557950110937975,0.18620689655172415,0.0,-0.4188844601813636
Sum of .L.>0.0000000,0.0,0.6969696969696969,0.49090909090909085,0.2909286827258562,0.0,-0.610832033472192
