,Root Length Diameter Range 1 (px),Root Length Diameter Range 2 (px),Root Length Diameter Range 3 (px),Root Length Diameter Range 4 (px),Root Length Diameter Range 5 (px),total_images
Sum of 0<.L.<=1.000000,0.0,0.4787878787878787,0.28484848484848485,-0.18787878787878787,-0.17150335289900862,-0.3387594564044284
Sum of 1.0000000<.L.<=2.0000000,0.0,0.5030303030303029,0.4787878787878787,0.12727272727272726,-0.6636434090439899,0.1254664653349735
Sum of 2.0000000<.L.<=3.0000000,0.0,0.16363636363636364,0.04242424242424241,0.10303030303030303,-0.3355500382806691,0.48931921480639656
Sum of 3.0000000<.L.<=4.0000000,0.0,0.16363636363636364,-0.19999999999999998,-0.18787878787878787,0.11185001276022302,0.40149268907191515
Sum of .L.>4.0000000,0.0,0.45902081052301746,0.20041753698892312,-0.12283655492869483,-0.03977157173635786,-0.27437181437106806
Sum of .L.>0.0000000,0.0,0.49090909090909085,0.3696969696969697,-0.07878787878787878,-0.17150335289900862,-0.1442864351352195
