,Root Length Diameter Range 1 (px),Root Length Diameter Range 2 (px),Root Length Diameter Range 3 (px),Root Length Diameter Range 4 (px),Root Length Diameter Range 5 (px),total_images
Sum of 0<.L.<=1.000000,0.0,0.5983311247520547,0.41664755050791036,-0.03341778635834748,-0.22105151238112844,-0.10530159888058854
Sum of 1.0000000<.L.<=2.0000000,0.0,0.6510308869440629,0.5112985558933859,0.0843523745792785,-0.4969016891989404,0.25766033151994516
Sum of 2.0000000<.L.<=3.0000000,0.0,0.2059941577116786,0.08497276165542567,-0.05542437726838424,-0.08645152080927805,0.5561864799423947
Sum of 3.0000000<.L.<=4.0000000,0.0,0.08339153839959026,-0.14309444357895573,-0.1052709054131583,0.2769801417410566,0.35498187038994083
Sum of .L.>4.0000000,0.0,0.024999489149060014,-0.11818915828959173,-0.16502828144758422,0.1790514518857053,-0.06707309063918605
Sum of .L.>0.0000000,0.0,0.6247260528479722,0.44083269929633995,-0.017028045204611028,-0.27353905929872896,-0.015350786046425485
