,Root Length Diameter Range 1 (px),Root Length Diameter Range 2 (px),Root Length Diameter Range 3 (px),Root Length Diameter Range 4 (px),Root Length Diameter Range 5 (px),total_images
Sum of 0<.L.<=1.000000,0.0,0.8258976291299822,0.6716180388880287,0.3631565815367095,0.0,-0.26701016000294814
Sum of 1.0000000<.L.<=2.0000000,0.0,0.6298543954585103,0.45381641174438486,0.3826888586615432,0.0,-0.40770707196073297
Sum of 2.0000000<.L.<=3.0000000,0.0,0.319453825775343,-0.016876366159334896,0.0729363901507058,0.0,-0.10775817076943511
Sum of 3.0000000<.L.<=4.0000000,0.0,0.3409682865868672,0.08488340255004302,0.08253922234908648,0.0,-0.009356289648524134
Sum of .L.>4.0000000,0.0,0.2067082400808862,0.1978879867198345,0.0375107543794317,0.0,0.04717616824753059
Sum of .L.>0.0000000,0.0,0.8191128843664844,0.6418198390575836,0.3747729853303278,0.0,-0.29954719462892154
