,Root Length Diameter Range 1 (px),Root Length Diameter Range 2 (px),Root Length Diameter Range 3 (px),Root Length Diameter Range 4 (px),Root Length Diameter Range 5 (px),total_images
Sum of 0<.L.<=1.000000,0.0,0.8263464603742334,0.6706883892958263,0.3648035596652111,0.0,-0.26701016000294814
Sum of 1.0000000<.L.<=2.0000000,0.0,0.6303227335241612,0.45266107867945127,0.38545234396780964,0.0,-0.40770707196073297
Sum of 2.0000000<.L.<=3.0000000,0.0,0.3200956797316059,-0.01775291076021145,0.0768507637355467,0.0,-0.10775817076943511
Sum of 3.0000000<.L.<=4.0000000,0.0,0.3410193355032082,0.08431910437909645,0.08601943587324594,0.0,-0.009356289648524134
Sum of .L.>4.0000000,0.0,0.20666685372621998,0.1976295520684449,0.03878088953528204,0.0,0.04717616824753059
Sum of .L.>0.0000000,0.0,0.8196010254490049,0.6407948200031914,0.37684129433687513,0.0,-0.29954719462892154
