,Root Length Diameter Range 1 (px),Root Length Diameter Range 2 (px),Root Length Diameter Range 3 (px),Root Length Diameter Range 4 (px),Root Length Diameter Range 5 (px),total_images
Sum of 0<.L.<=1.000000,0.0,0.04482896419952365,-0.09928515847068317,0.0,0.0,-0.18782969502812577
Sum of 1.0000000<.L.<=2.0000000,0.0,0.009902294958527834,-0.2423216318608323,0.0,0.0,0.042952846070349604
Sum of 2.0000000<.L.<=3.0000000,0.0,0.09964428044307191,-0.23884022377227146,0.0,0.0,0.422473335518906
Sum of 3.0000000<.L.<=4.0000000,0.0,0.44616142964997585,0.25190015926675624,0.0,0.0,0.3946685565425421
Sum of .L.>4.0000000,0.0,0.51808531139425,0.5523158615459373,0.0,0.0,0.1350555029815642
Sum of .L.>0.0000000,0.0,0.04779363874324375,-0.13382988909472324,0.0,0.0,-0.1273849118818729
