,Root Length Diameter Range 1 (px),Root Length Diameter Range 2 (px),Root Length Diameter Range 3 (px),Root Length Diameter Range 4 (px),Root Length Diameter Range 5 (px),total_images
Sum of 0<.L.<=1.000000,0.0,0.8260348441909272,0.6723994935561685,0.3674693809279509,0.0,-0.26701016000294814
Sum of 1.0000000<.L.<=2.0000000,0.0,0.6302387608981994,0.454399106871233,0.38959879560874294,0.0,-0.40770707196073297
Sum of 2.0000000<.L.<=3.0000000,0.0,0.32028202599461286,-0.016181029042244742,0.07368389521606766,0.0,-0.10775817076943511
Sum of 3.0000000<.L.<=4.0000000,0.0,0.341577161663556,0.0859758247731338,0.08286801677595541,0.0,-0.009356289648524134
Sum of .L.>4.0000000,0.0,0.20688099813866292,0.19816235086032144,0.04157477668410702,0.0,0.04717616824753059
Sum of .L.>0.0000000,0.0,0.8193377422669481,0.6426157683626113,0.37963308862255185,0.0,-0.29954719462892154
