,Root Length Diameter Range 1 (px),Root Length Diameter Range 2 (px),Root Length Diameter Range 3 (px),Root Length Diameter Range 4 (px),Root Length Diameter Range 5 (px),total_images
Sum of 0<.L.<=1.000000,0.0,0.8257000434839207,0.6712213040733102,0.3648035596652111,0.0,-0.26701016000294814
Sum of 1.0000000<.L.<=2.0000000,0.0,0.630084823793186,0.4528039518449932,0.38545234396780964,0.0,-0.40770707196073297
Sum of 2.0000000<.L.<=3.0000000,0.0,0.31960335804269346,-0.01795929114281908,0.0768507637355467,0.0,-0.10775817076943511
Sum of 3.0000000<.L.<=4.0000000,0.0,0.34055807779154756,0.0849912454387781,0.08601943587324594,0.0,-0.009356289648524134
Sum of .L.>4.0000000,0.0,0.20644566875816417,0.19870241879257014,0.03878088953528204,0.0,0.04717616824753059
Sum of .L.>0.0000000,0.0,0.8189913525538272,0.641262882088545,0.37684129433687513,0.0,-0.29954719462892154
