,Root Length Diameter Range 1 (px),Root Length Diameter Range 2 (px),Root Length Diameter Range 3 (px),Root Length Diameter Range 4 (px),Root Length Diameter Range 5 (px),total_images
Sum of 0<.L.<=1.000000,0.0,0.8258730882416545,0.6709796652618496,0.3648035596652111,0.0,-0.26701016000294814
Sum of 1.0000000<.L.<=2.0000000,0.0,0.630503483372515,0.45366242941792173,0.38545234396780964,0.0,-0.40770707196073297
Sum of 2.0000000<.L.<=3.0000000,0.0,0.3203985223190701,-0.017105240730270657,0.0768507637355467,0.0,-0.10775817076943511
Sum of 3.0000000<.L.<=4.0000000,0.0,0.34087842405129964,0.08438576396391749,0.08601943587324594,0.0,-0.009356289648524134
Sum of .L.>4.0000000,0.0,0.20615210094935907,0.19705323458417384,0.03878088953528204,0.0,0.04717616824753059
Sum of .L.>0.0000000,0.0,0.8192478684993251,0.641242285539951,0.37684129433687513,0.0,-0.29954719462892154
