,Root Length Diameter Range 1 (px),Root Length Diameter Range 2 (px),Root Length Diameter Range 3 (px),Root Length Diameter Range 4 (px),Root Length Diameter Range 5 (px),total_images
Sum of 0<.L.<=1.000000,0.0,0.7110212236621499,0.6774694853839879,-0.013682220976040896,0.0,0.5965746535704428
Sum of 1.0000000<.L.<=2.0000000,0.0,0.32069078265479584,0.4486973674793676,0.23691438113521632,0.0,0.1104782753655351
Sum of 2.0000000<.L.<=3.0000000,0.0,0.05860481481671374,0.1646425847065869,0.15747647669957981,0.0,-0.07626849448304038
Sum of 3.0000000<.L.<=4.0000000,0.0,0.2923606738262374,0.08216092147200278,0.18152167892888363,0.0,0.2885694497889535
Sum of .L.>4.0000000,0.0,0.26322188769167765,-0.08188221473858712,-0.0333947164647434,0.0,0.36774720514773196
Sum of .L.>0.0000000,0.0,0.656696304050296,0.6537778107231297,0.03800293048298383,0.0,0.518146600736475
