,Root Length Diameter Range 1 (px),Root Length Diameter Range 2 (px),Root Length Diameter Range 3 (px),Root Length Diameter Range 4 (px),Root Length Diameter Range 5 (px),total_images
Sum of 0<.L.<=1.000000,0.0,0.6,0.43030303030303024,0.17407765595569785,0.0,0.4787878787878787
Sum of 1.0000000<.L.<=2.0000000,0.0,0.07878787878787878,0.13939393939393938,0.3481553119113957,0.0,-0.09090909090909088
Sum of 2.0000000<.L.<=3.0000000,0.0,0.04242424242424241,0.05454545454545454,0.08703882797784893,0.0,-0.06666666666666665
Sum of 3.0000000<.L.<=4.0000000,0.0,0.23636363636363633,0.12727272727272726,0.17407765595569785,0.0,0.13939393939393938
Sum of .L.>4.0000000,0.0,0.42023031949290335,0.3038588464025609,0.3713906763541038,0.0,0.3167890100792656
Sum of .L.>0.0000000,0.0,0.5272727272727272,0.43030303030303024,0.26111648393354675,0.0,0.38181818181818183
