,Root Length Diameter Range 1 (px),Root Length Diameter Range 2 (px),Root Length Diameter Range 3 (px),Root Length Diameter Range 4 (px),Root Length Diameter Range 5 (px),total_images
Sum of 0<.L.<=1.000000,0.0,0.3423677284619937,0.5843028135965819,0.3576448674290674,-0.3909000988539903,-0.1742072288214535
Sum of 1.0000000<.L.<=2.0000000,0.0,0.15604553249562705,0.3605759080705327,0.5235976362487261,-0.3344908886037271,0.03407148215367483
Sum of 2.0000000<.L.<=3.0000000,0.0,0.10699992872241489,-0.025639954548656828,0.1920849549582665,0.11263460162871464,0.3827696613549332
Sum of 3.0000000<.L.<=4.0000000,0.0,0.12165330312863384,-0.1069031989493232,0.003237577218105192,0.07464060582053444,0.08005460258394825
Sum of .L.>4.0000000,0.0,0.036730071818876595,-0.018909971085315745,-0.18161283454508237,-0.27790585285599734,-0.15822562636810067
Sum of .L.>0.0000000,0.0,0.3199139063407959,0.5504493394604442,0.39925866249035846,-0.3805597443593352,-0.12186466131106208
