,Root Length Diameter Range 1 (px),Root Length Diameter Range 2 (px),Root Length Diameter Range 3 (px),Root Length Diameter Range 4 (px),Root Length Diameter Range 5 (px),total_images
Sum of 0<.L.<=1.000000,0.0,0.10303030303030303,0.28484848484848485,0.23636363636363633,0.5107414652298363,0.04242424242424241
Sum of 1.0000000<.L.<=2.0000000,0.0,0.10303030303030303,0.11515151515151514,0.19999999999999998,0.4913462197147793,-0.29696969696969694
Sum of 2.0000000<.L.<=3.0000000,0.0,0.3696969696969697,-0.09090909090909088,0.10303030303030303,0.3361842555943227,0.006060606060606061
Sum of 3.0000000<.L.<=4.0000000,0.0,0.04242424242424241,0.18787878787878787,0.33333333333333326,0.594787529128417,0.06666666666666665
Sum of .L.>4.0000000,0.0,-0.22627786434233255,0.3038588464025609,0.14869688228210426,0.5448275862068965,0.13576671860539952
Sum of .L.>0.0000000,0.0,-0.06666666666666665,0.2727272727272727,0.34545454545454546,0.6659034293502931,-0.18787878787878787
