,Root Length Diameter Range 1 (px),Root Length Diameter Range 2 (px),Root Length Diameter Range 3 (px),Root Length Diameter Range 4 (px),Root Length Diameter Range 5 (px),total_images
Sum of 0<.L.<=1.000000,0.0,0.2855032799948012,0.3485111006101358,0.298925462695198,0.7611825156585275,0.20661253171430752
Sum of 1.0000000<.L.<=2.0000000,0.0,0.2821575938928175,0.0002774655694962949,0.06902565557595544,0.3826350952354521,-0.1353945377012623
Sum of 2.0000000<.L.<=3.0000000,0.0,0.25715876567301793,-0.2289982021369081,0.018308420565769097,0.2385808885883594,-0.054545177023366045
Sum of 3.0000000<.L.<=4.0000000,0.0,-0.01437519695510002,0.2215313581079263,0.3894307369160549,0.6546261279994585,0.15096975297260393
Sum of .L.>4.0000000,0.0,-0.3838622036842047,0.5840238552161272,0.6199397301842285,0.7547800968480826,0.08144246581129469
Sum of .L.>0.0000000,0.0,0.2994524822039897,0.28398030986466494,0.2671157311351816,0.7212669401371179,0.1481963613689118
