,Root Length Diameter Range 1 (px),Root Length Diameter Range 2 (px),Root Length Diameter Range 3 (px),Root Length Diameter Range 4 (px),Root Length Diameter Range 5 (px),total_images
Sum of 0<.L.<=1.000000,0.0,0.02027907473867792,-0.2807072810805653,0.0,0.0,0.043397425159814026
Sum of 1.0000000<.L.<=2.0000000,0.0,0.025699397526081705,-0.07550412891918845,0.0,0.0,0.16378724379682996
Sum of 2.0000000<.L.<=3.0000000,0.0,0.16876333185213252,0.11020467306887001,0.0,0.0,0.3784490052693893
Sum of 3.0000000<.L.<=4.0000000,0.0,0.5091648663390739,0.27749454964447545,0.0,0.0,0.48260867562655335
Sum of .L.>4.0000000,0.0,0.5081619160379118,0.388885336072288,0.0,0.0,0.3045550814831581
Sum of .L.>0.0000000,0.0,0.033566231831095555,-0.2406647155407905,0.0,0.0,0.08620517726645968
