,Root Length Diameter Range 1 (px),Root Length Diameter Range 2 (px),Root Length Diameter Range 3 (px),Root Length Diameter Range 4 (px),Root Length Diameter Range 5 (px),total_images
Sum of 0<.L.<=1.000000,0.0,0.803089260405785,0.7804198607113781,0.3777400233451976,0.13548831926507862,0.16661975205573726
Sum of 1.0000000<.L.<=2.0000000,0.0,0.6606168550433988,0.6153414838300346,0.5515761400777999,0.4683838644095145,-0.13076101130142787
Sum of 2.0000000<.L.<=3.0000000,0.0,0.3628994269850387,0.2099164843036898,0.34833058239042974,0.530061532069741,0.01626142346561597
Sum of 3.0000000<.L.<=4.0000000,0.0,0.3004836334891689,0.34813252450715154,0.10929992979093078,0.3863022231921013,0.18384771286397858
Sum of .L.>4.0000000,0.0,0.0770427562156579,0.32482652866100187,-0.11041630848065473,-0.10815714730379,0.04096010363611077
Sum of .L.>0.0000000,0.0,0.8068467658607075,0.7735888972540715,0.4291535688419967,0.22185190746773786,0.11892609400700961
