,Root Length Diameter Range 1 (px),Root Length Diameter Range 2 (px),Root Length Diameter Range 3 (px),Root Length Diameter Range 4 (px),Root Length Diameter Range 5 (px),total_images
Sum of 0<.L.<=1.000000,0.0,0.8021868269285892,0.7804766426920917,0.37232845624890126,0.13548831926507862,0.16661975205573726
Sum of 1.0000000<.L.<=2.0000000,0.0,0.659123181529786,0.6160701459954243,0.5451750788052737,0.4683838644095145,-0.13076101130142787
Sum of 2.0000000<.L.<=3.0000000,0.0,0.3611836059294258,0.21061381612096028,0.34334846939822683,0.530061532069741,0.01626142346561597
Sum of 3.0000000<.L.<=4.0000000,0.0,0.29902229101942907,0.347800946224848,0.10678820259466376,0.3863022231921013,0.18384771286397858
Sum of .L.>4.0000000,0.0,0.07654353742227021,0.3245385280726231,-0.11083553374232005,-0.10815714730379,0.04096010363611077
Sum of .L.>0.0000000,0.0,0.8057404097197929,0.7737933787745868,0.4232557141495662,0.22185190746773786,0.11892609400700961
