,Root Length Diameter Range 1 (px),Root Length Diameter Range 2 (px),Root Length Diameter Range 3 (px),Root Length Diameter Range 4 (px),Root Length Diameter Range 5 (px),total_images
Sum of 0<.L.<=1.000000,0.0,0.768638359988908,0.6974946519038631,0.6147755171416311,0.0,0.17244304123419174
Sum of 1.0000000<.L.<=2.0000000,0.0,0.624225002634441,0.5816207608628229,0.6200133966145477,0.0,-0.1133962560399677
Sum of 2.0000000<.L.<=3.0000000,0.0,0.32116372645638763,0.18904577859102664,0.38688197535037305,0.0,0.03991106233940774
Sum of 3.0000000<.L.<=4.0000000,0.0,0.3904492007930584,0.10629878625418968,0.16252682763438614,0.0,0.20337301139235014
Sum of .L.>4.0000000,0.0,0.26260731502162143,0.0044440800119699975,-0.10934227650501455,0.0,0.036118553872448
Sum of .L.>0.0000000,0.0,0.7706293660774151,0.6951027650675855,0.6418590966877752,0.0,0.12803910147255926
