,Root Length Diameter Range 1 (px),Root Length Diameter Range 2 (px),Root Length Diameter Range 3 (px),Root Length Diameter Range 4 (px),Root Length Diameter Range 5 (px),total_images
Sum of 0<.L.<=1.000000,0.0,0.769016787034702,0.6973096009780881,0.6147755171416311,0.0,0.17244304123419174
Sum of 1.0000000<.L.<=2.0000000,0.0,0.6241664855121619,0.5815408512418256,0.6200133966145477,0.0,-0.1133962560399677
Sum of 2.0000000<.L.<=3.0000000,0.0,0.32049921692295724,0.18993174199458648,0.38688197535037305,0.0,0.03991106233940774
Sum of 3.0000000<.L.<=4.0000000,0.0,0.39036317800678105,0.10783369671851475,0.16252682763438614,0.0,0.20337301139235014
Sum of .L.>4.0000000,0.0,0.2631705164785931,0.0035094441865728757,-0.10934227650501455,0.0,0.036118553872448
Sum of .L.>0.0000000,0.0,0.770905747391076,0.6949822277341583,0.6418590966877752,0.0,0.12803910147255926
