,Root Length Diameter Range 1 (px),Root Length Diameter Range 2 (px),Root Length Diameter Range 3 (px),Root Length Diameter Range 4 (px),Root Length Diameter Range 5 (px),total_images
Sum of 0<.L.<=1.000000,0.0,0.021348099399583487,-0.28553995697251167,0.0,0.0,0.04252961565415292
Sum of 1.0000000<.L.<=2.0000000,0.0,0.027203278681703143,-0.061303473883945026,0.0,0.0,0.16260178631826538
Sum of 2.0000000<.L.<=3.0000000,0.0,0.16742573387869084,0.11593478557308955,0.0,0.0,0.3776669851208802
Sum of 3.0000000<.L.<=4.0000000,0.0,0.5080389422752161,0.25854759035824654,0.0,0.0,0.4826258942864733
Sum of .L.>4.0000000,0.0,0.5090661802684219,0.3642337782230529,0.0,0.0,0.30510840332461425
Sum of .L.>0.0000000,0.0,0.034655265084295825,-0.24214891155377943,0.0,0.0,0.08523650654953707
