,Root Length Diameter Range 1 (px),Root Length Diameter Range 2 (px),Root Length Diameter Range 3 (px),Root Length Diameter Range 4 (px),Root Length Diameter Range 5 (px),total_images
Sum of 0<.L.<=1.000000,0.0,0.8021159260456151,0.7805108456457484,0.3780790984341917,0.13548831926507862,0.16661975205573726
Sum of 1.0000000<.L.<=2.0000000,0.0,0.6593597050770471,0.6153388202644962,0.550380149295989,0.4683838644095145,-0.13076101130142787
Sum of 2.0000000<.L.<=3.0000000,0.0,0.36194254923210095,0.2101261053353973,0.34485724463697937,0.530061532069741,0.01626142346561597
Sum of 3.0000000<.L.<=4.0000000,0.0,0.2996877342249668,0.3486328301778212,0.10526038863548456,0.3863022231921013,0.18384771286397858
Sum of .L.>4.0000000,0.0,0.07699152183017086,0.32538577249628253,-0.1123032337070534,-0.10815714730379,0.04096010363611077
Sum of .L.>0.0000000,0.0,0.8057628747214881,0.7736788437408452,0.42903817333257754,0.22185190746773786,0.11892609400700961
