,Root Length Diameter Range 1 (px),Root Length Diameter Range 2 (px),Root Length Diameter Range 3 (px),Root Length Diameter Range 4 (px),Root Length Diameter Range 5 (px),total_images
Sum of 0<.L.<=1.000000,0.0,0.7696969696969697,0.7333333333333332,0.6775189128088568,0.0,0.07926976633148354
Sum of 1.0000000<.L.<=2.0000000,0.0,0.5878787878787878,0.38181818181818183,0.40149268907191515,0.0,-0.2621999963272148
Sum of 2.0000000<.L.<=3.0000000,0.0,0.406060606060606,0.04242424242424241,0.11919314206822482,0.0,0.06097674333191042
Sum of 3.0000000<.L.<=4.0000000,0.0,0.4545454545454545,0.01818181818181818,0.04391326286724072,0.0,0.12195348666382085
Sum of .L.>4.0000000,0.0,0.4460906468463128,0.4719509741997222,0.47513167854502025,0.0,0.1496063518153243
Sum of .L.>0.0000000,0.0,0.7696969696969697,0.5272727272727272,0.44540595193915583,0.0,-0.15244185832977605
