,Root Length Diameter Range 1 (px),Root Length Diameter Range 2 (px),Root Length Diameter Range 3 (px),Root Length Diameter Range 4 (px),Root Length Diameter Range 5 (px),total_images
Sum of 0<.L.<=1.000000,0.0,0.802507549868577,0.7804413348026943,0.3742218539158101,0.13548831926507862,0.16661975205573726
Sum of 1.0000000<.L.<=2.0000000,0.0,0.6597590227443831,0.6155171841384892,0.546891476787512,0.4683838644095145,-0.13076101130142787
Sum of 2.0000000<.L.<=3.0000000,0.0,0.3620642256279683,0.20993255397965963,0.3438483365991371,0.530061532069741,0.01626142346561597
Sum of 3.0000000<.L.<=4.0000000,0.0,0.29866091864416905,0.34807481036457405,0.10628776875319346,0.3863022231921013,0.18384771286397858
Sum of .L.>4.0000000,0.0,0.07584123011992588,0.3250175063017408,-0.11131897332937513,-0.10815714730379,0.04096010363611077
Sum of .L.>0.0000000,0.0,0.8061576224774768,0.773638250819434,0.42516020486395334,0.22185190746773786,0.11892609400700961
