,Root Length Diameter Range 1 (px),Root Length Diameter Range 2 (px),Root Length Diameter Range 3 (px),Root Length Diameter Range 4 (px),Root Length Diameter Range 5 (px),total_images
Sum of 0<.L.<=1.000000,0.0,0.8014916464328214,0.7821207085762788,0.37232845624890126,0.13548831926507862,0.16661975205573726
Sum of 1.0000000<.L.<=2.0000000,0.0,0.6594915511635078,0.6173616014236083,0.5451750788052737,0.4683838644095145,-0.13076101130142787
Sum of 2.0000000<.L.<=3.0000000,0.0,0.3621665134723651,0.2115458062818336,0.34334846939822683,0.530061532069741,0.01626142346561597
Sum of 3.0000000<.L.<=4.0000000,0.0,0.2992424320643031,0.3492878413079625,0.10678820259466376,0.3863022231921013,0.18384771286397858
Sum of .L.>4.0000000,0.0,0.0758976585162695,0.3249057031884523,-0.11083553374232005,-0.10815714730379,0.04096010363611077
Sum of .L.>0.0000000,0.0,0.8052678680712042,0.775448950446684,0.4232557141495662,0.22185190746773786,0.11892609400700961
