,Root Length Diameter Range 1 (px),Root Length Diameter Range 2 (px),Root Length Diameter Range 3 (px),Root Length Diameter Range 4 (px),Root Length Diameter Range 5 (px),total_images
Sum of 0<.L.<=1.000000,0.0,-0.264957905595956,-0.12776829563305322,0.0,0.0,-0.015821777407179022
Sum of 1.0000000<.L.<=2.0000000,0.0,-0.31634227180439783,-0.2731374222427147,0.0,0.0,-0.09173244796976303
Sum of 2.0000000<.L.<=3.0000000,0.0,-0.3602002797439906,-0.5084954712476227,0.0,0.0,-0.17853339788983824
Sum of 3.0000000<.L.<=4.0000000,0.0,-0.6171464932352131,-0.4475098214309393,0.0,0.0,-0.5487046170671428
Sum of .L.>4.0000000,0.0,-0.24308531871632713,-0.16140779624625967,0.0,0.0,-0.27093638082189664
Sum of .L.>0.0000000,0.0,-0.2981098273070457,-0.18152499758157165,0.0,0.0,-0.04137662897222141
