,Root Length Diameter Range 1 (px),Root Length Diameter Range 2 (px),Root Length Diameter Range 3 (px),Root Length Diameter Range 4 (px),Root Length Diameter Range 5 (px),total_images
Sum of 0<.L.<=1.000000,0.0,0.03728333758674101,-0.058025885318565944,0.0,0.0,0.007456667517348202
Sum of 1.0000000<.L.<=2.0000000,0.0,0.007456667517348202,-0.2901294265928297,0.0,0.0,0.03728333758674101
Sum of 2.0000000<.L.<=3.0000000,0.0,-0.17150335289900862,-0.5222329678670935,0.0,0.0,-0.11185001276022302
Sum of 3.0000000<.L.<=4.0000000,0.0,-0.4399433835235439,-0.5222329678670935,0.0,0.0,-0.41011671345415107
Sum of .L.>4.0000000,0.0,-0.34203551693267764,-0.3094922302950864,0.0,0.0,-0.34203551693267764
Sum of .L.>0.0000000,0.0,0.03728333758674101,-0.058025885318565944,0.0,0.0,0.007456667517348202
