,Root Length Diameter Range 1 (px),Root Length Diameter Range 2 (px),Root Length Diameter Range 3 (px),Root Length Diameter Range 4 (px),Root Length Diameter Range 5 (px),total_images
Sum of 0<.L.<=1.000000,0.0,0.768124050471669,0.6964694052989764,0.6147755171416311,0.0,0.17244304123419174
Sum of 1.0000000<.L.<=2.0000000,0.0,0.6237889523443114,0.5812281934811662,0.6200133966145477,0.0,-0.1133962560399677
Sum of 2.0000000<.L.<=3.0000000,0.0,0.32092981177434193,0.18873155804920683,0.38688197535037305,0.0,0.03991106233940774
Sum of 3.0000000<.L.<=4.0000000,0.0,0.38962247498068686,0.10554944800014206,0.16252682763438614,0.0,0.20337301139235014
Sum of .L.>4.0000000,0.0,0.26170133678534774,0.0030917713402195818,-0.10934227650501455,0.0,0.036118553872448
Sum of .L.>0.0000000,0.0,0.7701046978345336,0.6941528171499273,0.6418590966877752,0.0,0.12803910147255926
