,Root Length Diameter Range 1 (px),Root Length Diameter Range 2 (px),Root Length Diameter Range 3 (px),Root Length Diameter Range 4 (px),Root Length Diameter Range 5 (px),total_images
Sum of 0<.L.<=1.000000,0.0,0.07947046186862992,0.5695239714269441,0.36173232296741065,-0.004057523052115708,0.17244304123419174
Sum of 1.0000000<.L.<=2.0000000,0.0,-0.13609144685991584,0.317662640254589,0.5933772610820865,0.4135354191904102,-0.1133962560399677
Sum of 2.0000000<.L.<=3.0000000,0.0,-0.04508194048014161,0.1797101757131044,0.4377612923533989,0.42933448861567597,0.03991106233940774
Sum of 3.0000000<.L.<=4.0000000,0.0,0.044722063604631365,0.38863138160190813,0.04914507813078567,-0.061222757055791305,0.20337301139235014
Sum of .L.>4.0000000,0.0,-0.06615454748204408,0.3109791678019431,-0.05025152488320464,-0.149592591841373,0.036118553872448
Sum of .L.>0.0000000,0.0,0.040985690562816895,0.5439671624688519,0.4270434364702236,0.08797196329849569,0.12803910147255926
