,Root Length Diameter Range 1 (px),Root Length Diameter Range 2 (px),Root Length Diameter Range 3 (px),Root Length Diameter Range 4 (px),Root Length Diameter Range 5 (px),total_images
Sum of 0<.L.<=1.000000,0.0,0.05454545454545454,0.4787878787878787,0.29696969696969694,0.07878787878787878,0.07926976633148354
Sum of 1.0000000<.L.<=2.0000000,0.0,-0.18787878787878787,0.16363636363636364,0.4787878787878787,0.5757575757575757,-0.2621999963272148
Sum of 2.0000000<.L.<=3.0000000,0.0,0.19999999999999998,0.2727272727272727,0.5030303030303029,0.41818181818181815,0.06097674333191042
Sum of 3.0000000<.L.<=4.0000000,0.0,0.35757575757575755,0.5151515151515151,0.4424242424242424,0.16363636363636364,0.12195348666382085
Sum of .L.>4.0000000,0.0,-0.006465081838352359,0.3685096647860845,0.4848811378764269,0.14869688228210426,0.1496063518153243
Sum of .L.>0.0000000,0.0,-0.04242424242424241,0.34545454545454546,0.33333333333333326,0.12727272727272726,-0.15244185832977605
