,Root Length Diameter Range 1 (px),Root Length Diameter Range 2 (px),Root Length Diameter Range 3 (px),Root Length Diameter Range 4 (px),Root Length Diameter Range 5 (px),total_images
Sum of 0<.L.<=1.000000,0.0,0.07848238952070936,0.5704675788687276,0.3593578528227819,-0.06434988045412737,0.17244304123419174
Sum of 1.0000000<.L.<=2.0000000,0.0,-0.13604612794046816,0.31521419038187626,0.5931994217897543,0.35998510295312053,-0.1133962560399677
Sum of 2.0000000<.L.<=3.0000000,0.0,-0.04413924862379455,0.17665879459644862,0.4364231508773594,0.39192674615280254,0.03991106233940774
Sum of 3.0000000<.L.<=4.0000000,0.0,0.04474823340738453,0.3881608984197119,0.04856671684002323,-0.07590001960115061,0.20337301139235014
Sum of .L.>4.0000000,0.0,-0.06667523500154707,0.31070661829734725,-0.0512106946462689,-0.14214609700741138,0.036118553872448
Sum of .L.>0.0000000,0.0,0.04020894666568795,0.5441854977263652,0.4249527872306518,0.02630507556982692,0.12803910147255926
