,Root Length Diameter Range 1 (px),Root Length Diameter Range 2 (px),Root Length Diameter Range 3 (px),Root Length Diameter Range 4 (px),Root Length Diameter Range 5 (px),total_images
Sum of 0<.L.<=1.000000,0.0,0.06935919257876266,0.5999785571790973,0.23826808405190303,-0.17814449251579995,0.17244304123419174
Sum of 1.0000000<.L.<=2.0000000,0.0,-0.125531862132304,0.30725264281660497,0.4410777885524335,0.18848023445106651,-0.1133962560399677
Sum of 2.0000000<.L.<=3.0000000,0.0,-0.0035610643829520547,0.10820345184382674,0.3684773570189353,0.3060063325280287,0.03991106233940774
Sum of 3.0000000<.L.<=4.0000000,0.0,0.12399530651395292,0.25029206190948816,-0.10855646383426598,-0.04153928446788599,0.20337301139235014
Sum of .L.>4.0000000,0.0,-0.027381183976036734,0.2824958966335044,-0.10991567086428705,-0.02341181100936765,0.036118553872448
Sum of .L.>0.0000000,0.0,0.03685154249836285,0.5634502696023075,0.2928294987058629,-0.10241443968279139,0.12803910147255926
