,Root Length Diameter Range 1 (px),Root Length Diameter Range 2 (px),Root Length Diameter Range 3 (px),Root Length Diameter Range 4 (px),Root Length Diameter Range 5 (px),total_images
Sum of 0<.L.<=1.000000,0.0,0.2839095664376249,0.24812977255534077,-0.1462070984526599,-0.21520806150770916,0.17244304123419174
Sum of 1.0000000<.L.<=2.0000000,0.0,0.11180496467958626,0.07634452122315814,0.11676958184296093,0.1563794390336809,-0.1133962560399677
Sum of 2.0000000<.L.<=3.0000000,0.0,0.1260628901959509,-0.11920968932616414,0.11120375490130063,0.37876124803947375,0.03991106233940774
Sum of 3.0000000<.L.<=4.0000000,0.0,0.2920227843929036,-0.3811381256493705,-0.5132726605692498,-0.3344292629351254,0.20337301139235014
Sum of .L.>4.0000000,0.0,0.05384265975136367,0.011952636947792528,-0.3477171142773746,-0.49675872586935604,0.036118553872448
Sum of .L.>0.0000000,0.0,0.26514103537900363,0.21347188361963446,-0.10075925108841548,-0.13837582307491458,0.12803910147255926
