,Root Length Diameter Range 1 (px),Root Length Diameter Range 2 (px),Root Length Diameter Range 3 (px),Root Length Diameter Range 4 (px),Root Length Diameter Range 5 (px),total_images
Sum of 0<.L.<=1.000000,0.0,0.34545454545454546,0.06666666666666665,0.11515151515151514,0.0,-0.09726488698881033
Sum of 1.0000000<.L.<=2.0000000,0.0,-0.0303030303030303,0.35757575757575755,0.6242424242424242,0.0,-0.2553203283456271
Sum of 2.0000000<.L.<=3.0000000,0.0,0.29696969696969694,0.6,0.6727272727272726,0.0,0.12766016417281356
Sum of 3.0000000<.L.<=4.0000000,0.0,0.6,0.4787878787878787,0.49090909090909085,0.0,0.32826899358723494
Sum of .L.>4.0000000,0.0,0.42023031949290335,0.3038588464025609,0.342649337432675,0.0,0.12969524996603018
Sum of .L.>0.0000000,0.0,0.2121212121212121,0.13939393939393938,0.24848484848484845,0.0,-0.2006088294144213
