,Root Length Diameter Range 1 (px),Root Length Diameter Range 2 (px),Root Length Diameter Range 3 (px),Root Length Diameter Range 4 (px),Root Length Diameter Range 5 (px),total_images
Sum of 0<.L.<=1.000000,0.0,0.03310003115221997,0.0,0.0,0.0,0.020787199271070866
Sum of 1.0000000<.L.<=2.0000000,0.0,-0.03748632320756395,0.0,0.0,0.0,-0.04574582762462442
Sum of 2.0000000<.L.<=3.0000000,0.0,0.22984303135511372,0.0,0.0,0.0,0.25376946135845513
Sum of 3.0000000<.L.<=4.0000000,0.0,0.7564409269526781,0.0,0.0,0.0,0.7491913026550622
Sum of .L.>4.0000000,0.0,0.5654025722440511,0.0,0.0,0.0,0.5355788374613641
Sum of .L.>0.0000000,0.0,0.03779285633064714,0.0,0.0,0.0,0.02706489471540076
