,Root Length Diameter Range 1 (px),Root Length Diameter Range 2 (px),Root Length Diameter Range 3 (px),Root Length Diameter Range 4 (px),Root Length Diameter Range 5 (px),total_images
Sum of 0<.L.<=1.000000,0.0,0.07841373983141922,0.5677387005054774,0.32555963837578383,-0.06433023525711304,0.17244304123419174
Sum of 1.0000000<.L.<=2.0000000,0.0,-0.1362976045373234,0.3128611547189592,0.5732564404595164,0.418238690658355,-0.1133962560399677
Sum of 2.0000000<.L.<=3.0000000,0.0,-0.04502825250776932,0.1842886304076144,0.44306649019472905,0.4395464307252658,0.03991106233940774
Sum of 3.0000000<.L.<=4.0000000,0.0,0.04312630449294898,0.4077040278001497,0.07683630094803387,-0.10191325173051057,0.20337301139235014
Sum of .L.>4.0000000,0.0,-0.0675873867669433,0.3232444157966169,-0.040490153158868544,-0.2644546779262385,0.036118553872448
Sum of .L.>0.0000000,0.0,0.04005424197883016,0.5419928532168685,0.3936634507095812,0.03823684396861618,0.12803910147255926
