,Root Length Diameter Range 1 (px),Root Length Diameter Range 2 (px),Root Length Diameter Range 3 (px),Root Length Diameter Range 4 (px),Root Length Diameter Range 5 (px),total_images
Sum of 0<.L.<=1.000000,0.0,0.13725261430647007,0.4337947163371993,0.375151576241582,-0.025850969178989575,0.17244304123419174
Sum of 1.0000000<.L.<=2.0000000,0.0,-0.00843604791924106,0.32670961642240454,0.5998369138492315,0.466662236034448,-0.1133962560399677
Sum of 2.0000000<.L.<=3.0000000,0.0,0.0725923110425817,0.2796719972083333,0.5142271659141467,0.5407401943450978,0.03991106233940774
Sum of 3.0000000<.L.<=4.0000000,0.0,0.26491301589574345,0.5741008491991135,0.4158792976465092,0.13041666922790224,0.20337301139235014
Sum of .L.>4.0000000,0.0,0.047161592988461065,0.3190121092651932,0.11897055516621191,-0.14725607625092266,0.036118553872448
Sum of .L.>0.0000000,0.0,0.11864899069397425,0.4375601368677965,0.4455106681747226,0.08528311144751147,0.12803910147255926
