,Root Length Diameter Range 1 (px),Root Length Diameter Range 2 (px),Root Length Diameter Range 3 (px),Root Length Diameter Range 4 (px),Root Length Diameter Range 5 (px),total_images
Sum of 0<.L.<=1.000000,0.0,0.3640935033754072,0.1758744821706576,-0.04417383933594097,0.0,0.14200213333085596
Sum of 1.0000000<.L.<=2.0000000,0.0,0.23416959087031494,0.42752818663627445,0.4754706626100322,0.0,0.1705526142073526
Sum of 2.0000000<.L.<=3.0000000,0.0,0.27190822858684427,0.5495051409094296,0.6003580965112174,0.0,0.2755032089488042
Sum of 3.0000000<.L.<=4.0000000,0.0,0.6485499340313498,0.6073440479027965,0.4057531778122323,0.0,0.558060277037619
Sum of .L.>4.0000000,0.0,0.30712839184664825,0.1175670222725235,-0.17226083559951672,0.0,0.17714519566685805
Sum of .L.>0.0000000,0.0,0.3631108557559197,0.25133998871273006,0.07576084871074401,0.0,0.16525146434451027
