,Root Length Diameter Range 1 (px),Root Length Diameter Range 2 (px),Root Length Diameter Range 3 (px),Root Length Diameter Range 4 (px),Root Length Diameter Range 5 (px),total_images
Sum of 0<.L.<=1.000000,0.0,0.14589733048321551,0.0,0.0,0.0,0.10366046366424772
Sum of 1.0000000<.L.<=2.0000000,0.0,0.012158110873601292,0.0,0.0,0.0,-0.03048837166595521
Sum of 2.0000000<.L.<=3.0000000,0.0,0.29179466096643103,0.0,0.0,0.0,0.2804930193267879
Sum of 3.0000000<.L.<=4.0000000,0.0,0.7051704306688749,0.0,0.0,0.0,0.7012325483169698
Sum of .L.>4.0000000,0.0,0.4993267123692163,0.0,0.0,0.0,0.46833292742188476
Sum of .L.>0.0000000,0.0,0.1702135522304181,0.0,0.0,0.0,0.13414883533020291
