,Root Length Diameter Range 1 (px),Root Length Diameter Range 2 (px),Root Length Diameter Range 3 (px),Root Length Diameter Range 4 (px),Root Length Diameter Range 5 (px),total_images
Sum of 0<.L.<=1.000000,0.0,0.08855825957846929,-0.23509415842275508,0.0,0.0,0.15940180653250713
Sum of 1.0000000<.L.<=2.0000000,0.0,0.2563115868129901,0.03255167859261729,0.0,0.0,0.15968863309101972
Sum of 2.0000000<.L.<=3.0000000,0.0,0.3948441465260219,0.1075961755234747,0.0,0.0,0.2236415457147924
Sum of 3.0000000<.L.<=4.0000000,0.0,0.6370744522935526,0.315881201128521,0.0,0.0,0.6451524183977662
Sum of .L.>4.0000000,0.0,0.22402113705923576,0.1063627238750286,0.0,0.0,0.3437783847323732
Sum of .L.>0.0000000,0.0,0.1415410327979702,-0.18430402669795706,0.0,0.0,0.17638078316191794
