,Root Length Diameter Range 1 (px),Root Length Diameter Range 2 (px),Root Length Diameter Range 3 (px),Root Length Diameter Range 4 (px),Root Length Diameter Range 5 (px),total_images
Sum of 0<.L.<=1.000000,0.0,0.34641183425539723,0.4703494101470062,-0.024759090645731716,-0.17637646473259325,0.14789100405937533
Sum of 1.0000000<.L.<=2.0000000,0.0,0.14460382336839428,0.358393474378196,0.08461110414840217,-0.010609862803863753,-0.12177656188306127
Sum of 2.0000000<.L.<=3.0000000,0.0,0.014648334711370083,0.2832702095757589,0.47492475457507,-0.025217548192672808,0.026532936641869433
Sum of 3.0000000<.L.<=4.0000000,0.0,0.03568455907714414,0.3253326600243284,0.3024134279301179,0.19969930147734055,0.15105568622384952
Sum of .L.>4.0000000,0.0,-0.03586394730629505,0.15782198612376283,-0.16079984523074786,0.2806094065576682,-0.01113724296030666
Sum of .L.>0.0000000,0.0,0.3162700775726742,0.4720841536179931,0.017798424387762066,-0.1491003335907802,0.10496047440753607
