,Root Length Diameter Range 1 (px),Root Length Diameter Range 2 (px),Root Length Diameter Range 3 (px),Root Length Diameter Range 4 (px),Root Length Diameter Range 5 (px),total_images
Sum of 0<.L.<=1.000000,0.0,0.17575757575757575,0.6121212121212121,0.05454545454545454,-0.3048837166595521,0.06079055436800646
Sum of 1.0000000<.L.<=2.0000000,0.0,-0.10303030303030303,0.5030303030303029,0.6484848484848483,-0.23780929899445064,-0.29179466096643103
Sum of 2.0000000<.L.<=3.0000000,0.0,0.29696969696969694,0.41818181818181815,0.6727272727272726,-0.3292744139923163,-0.01823716631040194
Sum of 3.0000000<.L.<=4.0000000,0.0,0.35757575757575755,0.41818181818181815,0.2727272727272727,-0.14024650966339394,0.04255338805760452
Sum of .L.>4.0000000,0.0,-0.01939524551505708,0.49781130155313164,0.1745572096355137,0.13659710383138304,0.13618001246433167
Sum of .L.>0.0000000,0.0,0.01818181818181818,0.5030303030303029,0.19999999999999998,-0.26829767066040583,-0.18237166310401937
