,Root Length Diameter Range 1 (px),Root Length Diameter Range 2 (px),Root Length Diameter Range 3 (px),Root Length Diameter Range 4 (px),Root Length Diameter Range 5 (px),total_images
Sum of 0<.L.<=1.000000,0.0,0.11515151515151514,-0.29696969696969694,0.22473328748774735,0.0,-0.23460813241593478
Sum of 1.0000000<.L.<=2.0000000,0.0,-0.06666666666666665,-0.4666666666666666,-0.18727773957312283,0.0,-0.23460813241593478
Sum of 2.0000000<.L.<=3.0000000,0.0,0.2727272727272727,-0.006060606060606061,0.11236664374387367,0.0,0.26547762352329457
Sum of 3.0000000<.L.<=4.0000000,0.0,0.19999999999999998,0.07878787878787878,0.5243776708047438,0.0,0.31486880929507033
Sum of .L.>4.0000000,0.0,-0.04525557286846651,-0.23920802801903726,0.45549013641111497,0.0,-0.2436795930935109
Sum of .L.>0.0000000,0.0,-0.07878787878787878,-0.4666666666666666,0.14233108207557335,0.0,-0.2716515217447666
