,Root Length Diameter Range 1 (px),Root Length Diameter Range 2 (px),Root Length Diameter Range 3 (px),Root Length Diameter Range 4 (px),Root Length Diameter Range 5 (px),total_images
Sum of 0<.L.<=1.000000,0.0,0.1640801247381609,-0.3305879465468132,0.26877507237227427,0.0,-0.11088939891392928
Sum of 1.0000000<.L.<=2.0000000,0.0,0.002645868619974865,-0.5588170538074624,-0.0009380281259346208,0.0,-0.17611303539500314
Sum of 2.0000000<.L.<=3.0000000,0.0,0.11272518995760868,-0.25174052135731295,0.05588693761190303,0.0,0.27064328932591303
Sum of 3.0000000<.L.<=4.0000000,0.0,0.06694586316537929,-0.04604064832902325,0.6117266647431208,0.0,0.27495335245222086
Sum of .L.>4.0000000,0.0,-0.03592934857292204,-0.029065288863674238,0.6771222792600606,0.0,-0.04216775382579055
Sum of .L.>0.0000000,0.0,0.14366168354327458,-0.38627043813333745,0.23288597629001373,0.0,-0.10916516776074815
