,Root Length Diameter Range 1 (px),Root Length Diameter Range 2 (px),Root Length Diameter Range 3 (px),Root Length Diameter Range 4 (px),Root Length Diameter Range 5 (px),total_images
Sum of 0<.L.<=1.000000,0.0,0.17112007177748062,0.41707424655017655,0.2167919962487178,-0.3909000988539903,-0.1742072288214535
Sum of 1.0000000<.L.<=2.0000000,0.0,0.217343328149543,0.3962010747476435,0.5118849386189468,-0.3344908886037271,0.03407148215367483
Sum of 2.0000000<.L.<=3.0000000,0.0,0.18347995106263218,0.046854305092925576,0.22609842923519183,0.11263460162871464,0.3827696613549332
Sum of 3.0000000<.L.<=4.0000000,0.0,-0.14930267145870296,-0.3225357229083237,-0.17350830661782618,0.07464060582053444,0.08005460258394825
Sum of .L.>4.0000000,0.0,-0.3866866628631346,-0.3743469636104897,-0.4431405417117184,-0.27790585285599734,-0.15822562636810067
Sum of .L.>0.0000000,0.0,0.18806598331543814,0.41780770664127354,0.27914188236180837,-0.3805597443593352,-0.12186466131106208
