,Root Length Diameter Range 1 (px),Root Length Diameter Range 2 (px),Root Length Diameter Range 3 (px),Root Length Diameter Range 4 (px),Root Length Diameter Range 5 (px),total_images
Sum of 0<.L.<=1.000000,0.0,0.28460323674898497,0.34929947075330087,0.32053973786229417,0.7611825156585275,0.20661253171430752
Sum of 1.0000000<.L.<=2.0000000,0.0,0.2821346454677768,0.002405314836540433,0.06832148565174852,0.3826350952354521,-0.1353945377012623
Sum of 2.0000000<.L.<=3.0000000,0.0,0.25640884277945036,-0.2259153838134807,0.01358045928755851,0.2385808885883594,-0.054545177023366045
Sum of 3.0000000<.L.<=4.0000000,0.0,-0.016675103072511327,0.22397311181329022,0.3959789779242159,0.6546261279994585,0.15096975297260393
Sum of .L.>4.0000000,0.0,-0.38537945631633747,0.5838095817640045,0.6319485910503286,0.7547800968480826,0.08144246581129469
Sum of .L.>0.0000000,0.0,0.29864174862907356,0.28516970037793254,0.28495448734066736,0.7212669401371179,0.1481963613689118
