,Root Length Diameter Range 1 (px),Root Length Diameter Range 2 (px),Root Length Diameter Range 3 (px),Root Length Diameter Range 4 (px),Root Length Diameter Range 5 (px),total_images
Sum of 0<.L.<=1.000000,0.0,0.2387991380204071,0.6112761837491103,0.28211583652104927,-0.3120845006193581,0.2305557540680409
Sum of 1.0000000<.L.<=2.0000000,0.0,0.0012654667697281768,0.5060040348354794,0.5371737477037895,-0.29736698068629425,-0.11627374605767361
Sum of 2.0000000<.L.<=3.0000000,0.0,-0.021935975524645077,0.24690724270639416,0.6044855131957104,-0.2727108153790011,-0.05949676450572538
Sum of 3.0000000<.L.<=4.0000000,0.0,0.09052219859278024,0.299159824475989,0.2777028914580443,-0.021894300283881972,0.147909335769554
Sum of .L.>4.0000000,0.0,0.00827582133463009,0.21028348139171374,-0.03786245569739852,0.2544354354780286,0.09250588069251617
Sum of .L.>0.0000000,0.0,0.19989302893925007,0.6140541036376573,0.3598001119664604,-0.3256300633768155,0.17135587725991228
