,Root Length Diameter Range 1 (px),Root Length Diameter Range 2 (px),Root Length Diameter Range 3 (px),Root Length Diameter Range 4 (px),Root Length Diameter Range 5 (px),total_images
Sum of 0<.L.<=1.000000,0.0,0.16363636363636364,0.5636363636363636,-0.11515151515151514,-0.2613993837824278,0.06079055436800646
Sum of 1.0000000<.L.<=2.0000000,0.0,-0.05454545454545454,0.43030303030303024,0.32121212121212117,-0.26747843921922837,-0.29179466096643103
Sum of 2.0000000<.L.<=3.0000000,0.0,0.34545454545454546,0.34545454545454546,0.5757575757575757,-0.2978737164032316,-0.01823716631040194
Sum of 3.0000000<.L.<=4.0000000,0.0,0.32121212121212117,0.35757575757575755,0.34545454545454546,-0.06079055436800646,0.04255338805760452
Sum of .L.>4.0000000,0.0,-0.04525557286846651,0.43316048316960803,-0.01939524551505708,0.20102763744734678,0.13618001246433167
Sum of .L.>0.0000000,0.0,-0.006060606060606061,0.4424242424242424,0.05454545454545454,-0.2492412729088265,-0.18237166310401937
