,Root Length Diameter Range 1 (px),Root Length Diameter Range 2 (px),Root Length Diameter Range 3 (px),Root Length Diameter Range 4 (px),Root Length Diameter Range 5 (px),total_images
Sum of 0<.L.<=1.000000,0.0,0.8277271188295061,0.6706496713035729,0.36665591935810715,0.0,-0.26701016000294814
Sum of 1.0000000<.L.<=2.0000000,0.0,0.6312537761829281,0.4531943017398792,0.38585972813770403,0.0,-0.40770707196073297
Sum of 2.0000000<.L.<=3.0000000,0.0,0.32105644939421957,-0.017109605551389306,0.07519535775391363,0.0,-0.10775817076943511
Sum of 3.0000000<.L.<=4.0000000,0.0,0.34190751966144056,0.08482657842577374,0.08525548462903239,0.0,-0.009356289648524134
Sum of .L.>4.0000000,0.0,0.2072387987734977,0.19742192766344147,0.03944623045499014,0.0,0.04717616824753059
Sum of .L.>0.0000000,0.0,0.8209718586091842,0.6408876857950718,0.3783833525752376,0.0,-0.29954719462892154
