,Root Length Diameter Range 1 (px),Root Length Diameter Range 2 (px),Root Length Diameter Range 3 (px),Root Length Diameter Range 4 (px),Root Length Diameter Range 5 (px),total_images
Sum of 0<.L.<=1.000000,0.0,0.8017759134505655,0.780518877977108,0.3742218539158101,0.13548831926507862,0.16661975205573726
Sum of 1.0000000<.L.<=2.0000000,0.0,0.6597868695363001,0.6155238176163328,0.546891476787512,0.4683838644095145,-0.13076101130142787
Sum of 2.0000000<.L.<=3.0000000,0.0,0.3624535639872666,0.21062524342159814,0.3438483365991371,0.530061532069741,0.01626142346561597
Sum of 3.0000000<.L.<=4.0000000,0.0,0.29792268596350235,0.34933838920917404,0.10628776875319346,0.3863022231921013,0.18384771286397858
Sum of .L.>4.0000000,0.0,0.07464284673181346,0.32614380509083907,-0.11131897332937513,-0.10815714730379,0.04096010363611077
Sum of .L.>0.0000000,0.0,0.8055605764478848,0.7737471709957201,0.42516020486395334,0.22185190746773786,0.11892609400700961
