,Root Length Diameter Range 1 (px),Root Length Diameter Range 2 (px),Root Length Diameter Range 3 (px),Root Length Diameter Range 4 (px),Root Length Diameter Range 5 (px),total_images
Sum of 0<.L.<=1.000000,0.0,0.7333333333333332,0.8666666666666665,0.406060606060606,0.3373495424699933,0.05471149893120582
Sum of 1.0000000<.L.<=2.0000000,0.0,0.3696969696969697,0.41818181818181815,0.5878787878787878,0.5276492843761433,-0.2857156055296304
Sum of 2.0000000<.L.<=3.0000000,0.0,0.28484848484848485,0.09090909090909088,0.28484848484848485,0.5276492843761433,0.03647433262080388
Sum of 3.0000000<.L.<=4.0000000,0.0,0.35757575757575755,0.28484848484848485,-0.07878787878787878,0.449799389959991,0.08510677611520905
Sum of .L.>4.0000000,0.0,0.3167890100792656,0.6788335930269976,0.2909286827258562,0.25836371510052436,0.12969524996603018
Sum of .L.>0.0000000,0.0,0.6363636363636362,0.7454545454545454,0.28484848484848485,0.35464951900691605,-0.18237166310401937
