,Root Length Diameter Range 1 (px),Root Length Diameter Range 2 (px),Root Length Diameter Range 3 (px),Root Length Diameter Range 4 (px),Root Length Diameter Range 5 (px),total_images
Sum of 0<.L.<=1.000000,0.0,0.13937748473318998,0.367939284785495,0.06439932620364758,-0.5433840136480195,0.2305557540680409
Sum of 1.0000000<.L.<=2.0000000,0.0,0.04853616687432388,0.5623478480885369,0.6090073112977814,-0.21629017335743747,-0.11627374605767361
Sum of 2.0000000<.L.<=3.0000000,0.0,0.03122818441018125,0.33742996668547837,0.6436507475584922,-0.13259239986139149,-0.05949676450572538
Sum of 3.0000000<.L.<=4.0000000,0.0,-0.08381262226279378,-0.07121431308708175,-0.08662063992799313,-0.45363897627100835,0.147909335769554
Sum of .L.>4.0000000,0.0,-0.265335242018462,-0.3649886421935018,-0.5894040607212301,-0.358483610323228,0.09250588069251617
Sum of .L.>0.0000000,0.0,0.12562406179631863,0.42065596427681573,0.18821183237333275,-0.5027258782582187,0.17135587725991228
