,Root Length Diameter Range 1 (px),Root Length Diameter Range 2 (px),Root Length Diameter Range 3 (px),Root Length Diameter Range 4 (px),Root Length Diameter Range 5 (px),total_images
Sum of 0<.L.<=1.000000,0.0,0.05454545454545454,0.24848484848484845,-0.05454545454545454,-0.58537673598634,0.06079055436800646
Sum of 1.0000000<.L.<=2.0000000,0.0,0.04242424242424241,0.5878787878787878,0.6121212121212121,-0.1768325556625402,-0.29179466096643103
Sum of 2.0000000<.L.<=3.0000000,0.0,0.4424242424242424,0.5030303030303029,0.6121212121212121,-0.2317116246612596,-0.01823716631040194
Sum of 3.0000000<.L.<=4.0000000,0.0,0.24848484848484845,0.0303030303030303,0.06666666666666665,-0.5426930156540026,0.04255338805760452
Sum of .L.>4.0000000,0.0,-0.1874873733122184,0.07111590022187594,-0.006465081838352359,-0.292708079638678,0.13618001246433167
Sum of .L.>0.0000000,0.0,-0.07878787878787878,0.17575757575757575,0.06666666666666665,-0.58537673598634,-0.18237166310401937
