,Root Length Diameter Range 1 (px),Root Length Diameter Range 2 (px),Root Length Diameter Range 3 (px),Root Length Diameter Range 4 (px),Root Length Diameter Range 5 (px),total_images
Sum of 0<.L.<=1.000000,0.0,0.3402328403137571,0.586761685750038,0.3577079978574718,-0.3909000988539903,-0.1742072288214535
Sum of 1.0000000<.L.<=2.0000000,0.0,0.15411927408247306,0.36281350671949375,0.5241325905961614,-0.3344908886037271,0.03407148215367483
Sum of 2.0000000<.L.<=3.0000000,0.0,0.10519025684153904,-0.023282492526348956,0.19227316824676507,0.11263460162871464,0.3827696613549332
Sum of 3.0000000<.L.<=4.0000000,0.0,0.11973201765361155,-0.10379061993846996,0.001190939622343623,0.07464060582053444,0.08005460258394825
Sum of .L.>4.0000000,0.0,0.03645555663972992,-0.01844595814697554,-0.18484375011570695,-0.27790585285599734,-0.15822562636810067
Sum of .L.>0.0000000,0.0,0.31769291340719735,0.5530290582637276,0.3993939195504481,-0.3805597443593352,-0.12186466131106208
