,Root Length Diameter Range 1 (px),Root Length Diameter Range 2 (px),Root Length Diameter Range 3 (px),Root Length Diameter Range 4 (px),Root Length Diameter Range 5 (px),total_images
Sum of 0<.L.<=1.000000,0.0,0.11515151515151514,-0.13939393939393938,-0.17069718549972973,0.0,-0.2613993837824278
Sum of 1.0000000<.L.<=2.0000000,0.0,0.23636363636363633,-0.01818181818181818,-0.4233290200393297,0.0,0.23708316203522517
Sum of 2.0000000<.L.<=3.0000000,0.0,0.29696969696969694,0.0303030303030303,0.020483662259967565,0.0,0.498482545817653
Sum of 3.0000000<.L.<=4.0000000,0.0,-0.11515151515151514,-0.309090909090909,0.3004270464795243,0.0,0.06079055436800646
Sum of .L.>4.0000000,0.0,-0.12283655492869483,-0.16162704595880897,0.08740284488750757,0.0,-0.4474486123828041
Sum of .L.>0.0000000,0.0,0.07878787878787878,-0.18787878787878787,-0.21849239743965407,0.0,-0.11550205329921229
