,Root Length Diameter Range 1 (px),Root Length Diameter Range 2 (px),Root Length Diameter Range 3 (px),Root Length Diameter Range 4 (px),Root Length Diameter Range 5 (px),total_images
Sum of 0<.L.<=1.000000,0.0,0.16890794882828436,0.4191726622870623,0.21811881326720808,-0.3909000988539903,-0.1742072288214535
Sum of 1.0000000<.L.<=2.0000000,0.0,0.2156054784151616,0.3982318546230873,0.5122114954582088,-0.3344908886037271,0.03407148215367483
Sum of 2.0000000<.L.<=3.0000000,0.0,0.18188198937151373,0.04906340441753269,0.22581547801364946,0.11263460162871464,0.3827696613549332
Sum of 3.0000000<.L.<=4.0000000,0.0,-0.1512951219426248,-0.3201709690144482,-0.17350048434722123,0.07464060582053444,0.08005460258394825
Sum of .L.>4.0000000,0.0,-0.38725316563058093,-0.374761536611296,-0.4432128944899658,-0.27790585285599734,-0.15822562636810067
Sum of .L.>0.0000000,0.0,0.18582185054388564,0.4200360320238882,0.28029717395006165,-0.3805597443593352,-0.12186466131106208
