,Root Length Diameter Range 1 (px),Root Length Diameter Range 2 (px),Root Length Diameter Range 3 (px),Root Length Diameter Range 4 (px),Root Length Diameter Range 5 (px),total_images
Sum of 0<.L.<=1.000000,0.0,0.08670671971896718,-0.09937613446887014,-0.1559489455469329,0.0,-0.2866185853090547
Sum of 1.0000000<.L.<=2.0000000,0.0,0.36306131358446775,0.17625723258512682,-0.457311766691992,0.0,0.21995956277793954
Sum of 2.0000000<.L.<=3.0000000,0.0,0.37426703437369885,0.21533228983912772,-0.015400720873539275,0.0,0.4156696426729858
Sum of 3.0000000<.L.<=4.0000000,0.0,-0.11500601907342148,-0.17868739352734966,0.40006271229163176,0.0,-0.39290047514428855
Sum of .L.>4.0000000,0.0,-0.5205599502512469,-0.4402688386847411,0.3292032712263485,0.0,-0.9017077934148804
Sum of .L.>0.0000000,0.0,0.1514904431899841,-0.04459666149966107,-0.2076676801728808,0.0,-0.18678435424906226
