,Root Length Diameter Range 1 (px),Root Length Diameter Range 2 (px),Root Length Diameter Range 3 (px),Root Length Diameter Range 4 (px),Root Length Diameter Range 5 (px),total_images
Sum of 0<.L.<=1.000000,0.0,0.8261114102506493,0.6711329141181612,0.3648035596652111,0.0,-0.26701016000294814
Sum of 1.0000000<.L.<=2.0000000,0.0,0.6296677612233472,0.4534688180831538,0.38545234396780964,0.0,-0.40770707196073297
Sum of 2.0000000<.L.<=3.0000000,0.0,0.3192772518890838,-0.017557461459862082,0.0768507637355467,0.0,-0.10775817076943511
Sum of 3.0000000<.L.<=4.0000000,0.0,0.3409704069882283,0.0846048241098753,0.08601943587324594,0.0,-0.009356289648524134
Sum of .L.>4.0000000,0.0,0.2074723146922468,0.1978371312856827,0.03878088953528204,0.0,0.04717616824753059
Sum of .L.>0.0000000,0.0,0.8192532423390798,0.641318830196756,0.37684129433687513,0.0,-0.29954719462892154
