,Root Length Diameter Range 1 (px),Root Length Diameter Range 2 (px),Root Length Diameter Range 3 (px),Root Length Diameter Range 4 (px),Root Length Diameter Range 5 (px),total_images
Sum of 0<.L.<=1.000000,0.0,0.005432539457809648,0.5901175971148236,0.22861704826453566,0.41388621483012233,0.24312959227970113
Sum of 1.0000000<.L.<=2.0000000,0.0,-0.05499225860782311,0.34819217035735095,0.6360939466968393,0.23344838775597168,0.046411124466092774
Sum of 2.0000000<.L.<=3.0000000,0.0,0.27886268786623614,-0.04718961016099257,0.3402110804039356,0.08508539639304605,0.34310407985965086
Sum of 3.0000000<.L.<=4.0000000,0.0,0.1717055362112587,-0.09679975501415763,-0.1281823342855875,0.2967745539536143,0.4287634891463267
Sum of .L.>4.0000000,0.0,-0.09589919604619043,-0.0004723764802379224,-0.39207296833897365,0.47163279183423296,0.2180119937407466
Sum of .L.>0.0000000,0.0,0.009020318734643758,0.5522543393895368,0.3163836968872281,0.39427733098150924,0.23111606428742038
