,Root Length Diameter Range 1 (px),Root Length Diameter Range 2 (px),Root Length Diameter Range 3 (px),Root Length Diameter Range 4 (px),Root Length Diameter Range 5 (px),total_images
Sum of 0<.L.<=1.000000,0.0,-0.2697798058054929,-0.22501182703412473,0.0,0.0,-0.19042085969433964
Sum of 1.0000000<.L.<=2.0000000,0.0,-0.31240132851305485,-0.32527538609031825,0.0,0.0,-0.2453960372280408
Sum of 2.0000000<.L.<=3.0000000,0.0,-0.3399425868172459,-0.463979543649185,0.0,0.0,-0.2944486547475737
Sum of 3.0000000<.L.<=4.0000000,0.0,-0.6152791178102057,-0.5863741816489735,0.0,0.0,-0.6013045203066929
Sum of .L.>4.0000000,0.0,-0.24338694369273497,-0.22275696792211275,0.0,0.0,-0.25511200990788097
Sum of .L.>0.0000000,0.0,-0.3004956666389501,-0.27088683760666027,0.0,0.0,-0.22014304095329237
