,Root Length Diameter Range 1 (px),Root Length Diameter Range 2 (px),Root Length Diameter Range 3 (px),Root Length Diameter Range 4 (px),Root Length Diameter Range 5 (px),total_images
Sum of 0<.L.<=1.000000,0.0,0.3421181270823174,0.6005205251728123,0.4349278420857836,-0.41294359459654567,-0.1742072288214535
Sum of 1.0000000<.L.<=2.0000000,0.0,0.160580220274965,0.3463821570252701,0.5059343675131504,-0.25228564264751235,0.03407148215367483
Sum of 2.0000000<.L.<=3.0000000,0.0,0.11115921425037636,-0.027783617505883137,0.20028924833455053,0.16695875097179314,0.3827696613549332
Sum of 3.0000000<.L.<=4.0000000,0.0,0.11891900200410199,-0.0591909406266319,0.10944923715523985,0.03376241309859362,0.08005460258394825
Sum of .L.>4.0000000,0.0,0.0284256850891901,0.044405383578451654,-0.04124459162027233,-0.37413963233229924,-0.15822562636810067
Sum of .L.>0.0000000,0.0,0.32065273328800153,0.5619047406565154,0.4623127665348407,-0.38267447010932526,-0.12186466131106208
