,Root Length Diameter Range 1 (px),Root Length Diameter Range 2 (px),Root Length Diameter Range 3 (px),Root Length Diameter Range 4 (px),Root Length Diameter Range 5 (px),total_images
Sum of 0<.L.<=1.000000,0.0,0.12727272727272726,0.5757575757575757,0.04242424242424241,-0.43030303030303024,0.05471149893120582
Sum of 1.0000000<.L.<=2.0000000,0.0,-0.09090909090909088,0.4666666666666666,0.38181818181818183,-0.13939393939393938,-0.2857156055296304
Sum of 2.0000000<.L.<=3.0000000,0.0,0.24848484848484845,0.41818181818181815,0.5393939393939393,-0.33333333333333326,0.03647433262080388
Sum of 3.0000000<.L.<=4.0000000,0.0,0.35757575757575755,0.41818181818181815,0.11515151515151514,-0.2606060606060606,0.08510677611520905
Sum of .L.>4.0000000,0.0,-0.058185736545171236,0.3943699921394939,0.01939524551505708,-0.09697622757528537,0.12969524996603018
Sum of .L.>0.0000000,0.0,0.04242424242424241,0.4666666666666666,-0.01818181818181818,-0.34545454545454546,-0.18237166310401937
