,Root Length Diameter Range 1 (px),Root Length Diameter Range 2 (px),Root Length Diameter Range 3 (px),Root Length Diameter Range 4 (px),Root Length Diameter Range 5 (px),total_images
Sum of 0<.L.<=1.000000,0.0,0.29547635993491705,-0.31058254072699154,-0.37215198186129717,-0.28240890751613595,0.17244304123419174
Sum of 1.0000000<.L.<=2.0000000,0.0,-0.05883339723457064,0.06960178333162258,0.15735387406455076,0.2546829202209594,-0.1133962560399677
Sum of 2.0000000<.L.<=3.0000000,0.0,0.07225877771384895,0.2693618920202903,0.3113946617163513,0.17856212020160692,0.03991106233940774
Sum of 3.0000000<.L.<=4.0000000,0.0,0.17661758387198506,-0.001714207728665866,-0.10246435674721005,-0.08090596445236156,0.20337301139235014
Sum of .L.>4.0000000,0.0,0.0015084358712255386,-0.19043542852938475,-0.1486710089136457,-0.23163561219828843,0.036118553872448
Sum of .L.>0.0000000,0.0,0.24194071777971013,-0.2359677476471126,-0.2708390916769011,-0.18514496846260245,0.12803910147255926
