,Root Length Diameter Range 1 (px),Root Length Diameter Range 2 (px),Root Length Diameter Range 3 (px),Root Length Diameter Range 4 (px),Root Length Diameter Range 5 (px),total_images
Sum of 0<.L.<=1.000000,0.0,0.10303030303030303,-0.34545454545454546,-0.19999999999999998,0.024390697332764166,0.07926976633148354
Sum of 1.0000000<.L.<=2.0000000,0.0,-0.12727272727272726,0.07878787878787878,0.43030303030303024,0.5548883643203848,-0.2621999963272148
Sum of 2.0000000<.L.<=3.0000000,0.0,0.3939393939393939,0.11515151515151514,0.2727272727272727,0.15853953266296708,0.06097674333191042
Sum of 3.0000000<.L.<=4.0000000,0.0,0.4545454545454545,-0.09090909090909088,0.04242424242424241,-0.14024650966339394,0.12195348666382085
Sum of .L.>4.0000000,0.0,-0.01939524551505708,-0.27799851904915146,-0.01939524551505708,0.045532367943794345,0.1496063518153243
Sum of .L.>0.0000000,0.0,-0.006060606060606061,-0.35757575757575755,-0.05454545454545454,0.1890279043289223,-0.15244185832977605
