,Root Length Diameter Range 1 (px),Root Length Diameter Range 2 (px),Root Length Diameter Range 3 (px),Root Length Diameter Range 4 (px),Root Length Diameter Range 5 (px),total_images
Sum of 0<.L.<=1.000000,0.0,0.826218484862375,0.6712320111947964,0.3631565815367095,0.0,-0.26701016000294814
Sum of 1.0000000<.L.<=2.0000000,0.0,0.6299401817810228,0.4532365915993719,0.3826888586615432,0.0,-0.40770707196073297
Sum of 2.0000000<.L.<=3.0000000,0.0,0.3200136059107362,-0.01761647688331153,0.0729363901507058,0.0,-0.10775817076943511
Sum of 3.0000000<.L.<=4.0000000,0.0,0.341843844402843,0.08394772338407377,0.08253922234908648,0.0,-0.009356289648524134
Sum of .L.>4.0000000,0.0,0.20796243328273029,0.19727161360813428,0.0375107543794317,0.0,0.04717616824753059
Sum of .L.>0.0000000,0.0,0.8194313174426852,0.6413538145197011,0.3747729853303278,0.0,-0.29954719462892154
