,Root Length Diameter Range 1 (px),Root Length Diameter Range 2 (px),Root Length Diameter Range 3 (px),Root Length Diameter Range 4 (px),Root Length Diameter Range 5 (px),total_images
Sum of 0<.L.<=1.000000,0.0,0.38837849738342384,-0.3518397834420935,-0.32747131063707635,-0.028771598087831196,0.24312959227970113
Sum of 1.0000000<.L.<=2.0000000,0.0,0.07667031924410943,-0.04942450581085193,0.2587579009603821,-0.13627239259733223,0.046411124466092774
Sum of 2.0000000<.L.<=3.0000000,0.0,0.26351057168581526,0.007679355784842402,0.29462536932562977,-0.21637904848239514,0.34310407985965086
Sum of 3.0000000<.L.<=4.0000000,0.0,0.2936552751028377,-0.31968628917473263,-0.14536292713817958,-0.33014334703462633,0.4287634891463267
Sum of .L.>4.0000000,0.0,0.033127436202268365,-0.31841794180355915,-0.3211600680351506,-0.04063945414299068,0.2180119937407466
Sum of .L.>0.0000000,0.0,0.353132225715333,-0.3057169743577895,-0.21727123847513355,-0.05996892804608792,0.23111606428742038
