,Root Length Diameter Range 1 (px),Root Length Diameter Range 2 (px),Root Length Diameter Range 3 (px),Root Length Diameter Range 4 (px),Root Length Diameter Range 5 (px),total_images
Sum of 0<.L.<=1.000000,0.0,0.17575757575757575,-0.2606060606060606,-0.2606060606060606,-0.20041753698892312,-0.06707441766510146
Sum of 1.0000000<.L.<=2.0000000,0.0,-0.09090909090909088,0.2606060606060606,0.41818181818181815,-0.058185736545171236,-0.2195162759948775
Sum of 2.0000000<.L.<=3.0000000,0.0,0.3696969696969697,0.2727272727272727,0.24848484848484845,-0.058185736545171236,0.2743953449935969
Sum of 3.0000000<.L.<=4.0000000,0.0,0.38181818181818183,-0.1515151515151515,-0.06666666666666665,-0.21334770066562786,0.3536651113250804
Sum of .L.>4.0000000,0.0,-0.006465081838352359,-0.3814398284627892,-0.058185736545171236,-0.35172413793103446,-0.03902774395182373
Sum of .L.>0.0000000,0.0,0.0303030303030303,-0.2606060606060606,-0.12727272727272726,-0.2262778643423326,-0.12195348666382085
