,Root Length Diameter Range 1 (px),Root Length Diameter Range 2 (px),Root Length Diameter Range 3 (px),Root Length Diameter Range 4 (px),Root Length Diameter Range 5 (px),total_images
Sum of 0<.L.<=1.000000,0.0,-0.2641172651899939,0.0,0.0,0.0,-0.2859820736779682
Sum of 1.0000000<.L.<=2.0000000,0.0,0.037265492527398955,0.0,0.0,0.0,-0.0075342680413756895
Sum of 2.0000000<.L.<=3.0000000,0.0,0.035883460645587804,0.0,0.0,0.0,-0.021486223514730722
Sum of 3.0000000<.L.<=4.0000000,0.0,-0.25869213191823787,0.0,0.0,0.0,-0.3239421282291426
Sum of .L.>4.0000000,0.0,-0.40664853285879093,0.0,0.0,0.0,-0.424890597522197
Sum of .L.>0.0000000,0.0,-0.21568962266611236,0.0,0.0,0.0,-0.24492027073676634
