,Root Length Diameter Range 1 (px),Root Length Diameter Range 2 (px),Root Length Diameter Range 3 (px),Root Length Diameter Range 4 (px),Root Length Diameter Range 5 (px),total_images
Sum of 0<.L.<=1.000000,0.0,-0.29696969696969694,0.0,0.0,0.0,-0.33333333333333326
Sum of 1.0000000<.L.<=2.0000000,0.0,-0.07878787878787878,0.0,0.0,0.0,-0.09090909090909088
Sum of 2.0000000<.L.<=3.0000000,0.0,-0.06666666666666665,0.0,0.0,0.0,-0.04242424242424241
Sum of 3.0000000<.L.<=4.0000000,0.0,-0.3696969696969697,0.0,0.0,0.0,-0.38181818181818183
Sum of .L.>4.0000000,0.0,-0.1874873733122184,0.0,0.0,0.0,-0.2650683553724467
Sum of .L.>0.0000000,0.0,-0.29696969696969694,0.0,0.0,0.0,-0.33333333333333326
