,Root Length Diameter Range 1 (px),Root Length Diameter Range 2 (px),Root Length Diameter Range 3 (px),Root Length Diameter Range 4 (px),Root Length Diameter Range 5 (px),total_images
Sum of 0<.L.<=1.000000,0.0,0.04818479028088997,0.32735372553357744,-0.030637005807645758,0.42510257780401295,0.24312959227970113
Sum of 1.0000000<.L.<=2.0000000,0.0,-0.04872700301116409,0.3361471707846213,0.5212971422873145,0.29881045152561414,0.046411124466092774
Sum of 2.0000000<.L.<=3.0000000,0.0,0.2807327343851826,0.0011238512888525412,0.40064762651970565,0.1283417843102936,0.34310407985965086
Sum of 3.0000000<.L.<=4.0000000,0.0,0.19652954662648361,-0.24334958922383837,-0.08020140759261904,0.28013717006990535,0.4287634891463267
Sum of .L.>4.0000000,0.0,-0.07169065003472078,-0.19253862213278694,-0.3805701556884366,0.3606477665980856,0.2180119937407466
Sum of .L.>0.0000000,0.0,0.046232941112088144,0.33089701995406673,0.08232534214042522,0.4166995932223201,0.23111606428742038
