,Root Length Diameter Range 1 (px),Root Length Diameter Range 2 (px),Root Length Diameter Range 3 (px),Root Length Diameter Range 4 (px),Root Length Diameter Range 5 (px),total_images
Sum of 0<.L.<=1.000000,0.0,-0.16363636363636364,0.34545454545454546,0.07878787878787878,0.43769199144964654,-0.06707441766510146
Sum of 1.0000000<.L.<=2.0000000,0.0,-0.2121212121212121,0.28484848484848485,0.6969696969696969,0.33434804902403553,-0.2195162759948775
Sum of 2.0000000<.L.<=3.0000000,0.0,0.29696969696969694,0.05454545454545454,0.41818181818181815,0.21276694028802262,0.2743953449935969
Sum of 3.0000000<.L.<=4.0000000,0.0,0.19999999999999998,-0.12727272727272726,-0.006060606060606061,0.3586642707712381,0.3536651113250804
Sum of .L.>4.0000000,0.0,-0.2650683553724467,0.03232540919176179,0.08404606389858067,0.3631466999048845,-0.03902774395182373
Sum of .L.>0.0000000,0.0,-0.28484848484848485,0.2606060606060606,0.2121212121212121,0.42553388057604524,-0.12195348666382085
