,Root Length Diameter Range 1 (px),Root Length Diameter Range 2 (px),Root Length Diameter Range 3 (px),Root Length Diameter Range 4 (px),Root Length Diameter Range 5 (px),total_images
Sum of 0<.L.<=1.000000,0.0,0.003948896298421989,0.0,0.0,0.0,-0.010785956564172874
Sum of 1.0000000<.L.<=2.0000000,0.0,-0.061400064704535524,0.0,0.0,0.0,-0.07170496491947193
Sum of 2.0000000<.L.<=3.0000000,0.0,0.21019959585678183,0.0,0.0,0.0,0.2321640649777077
Sum of 3.0000000<.L.<=4.0000000,0.0,0.7395001752253639,0.0,0.0,0.0,0.7312266506336034
Sum of .L.>4.0000000,0.0,0.5612337862963892,0.0,0.0,0.0,0.5317355058777835
Sum of .L.>0.0000000,0.0,0.008171798260453854,0.0,0.0,0.0,-0.005039284861677956
