,Root Length Diameter Range 1 (px),Root Length Diameter Range 2 (px),Root Length Diameter Range 3 (px),Root Length Diameter Range 4 (px),Root Length Diameter Range 5 (px),total_images
Sum of 0<.L.<=1.000000,0.0,0.3624324045647106,0.19784309362467578,0.34512382812966175,-0.3096110145745465,-0.0013117299178689173
Sum of 1.0000000<.L.<=2.0000000,0.0,0.20053914008031024,0.00855468280861476,0.07126806737963087,-0.2792462757733468,-0.14079110185674476
Sum of 2.0000000<.L.<=3.0000000,0.0,0.18656915319321923,-0.2615707202527123,-0.14732417797015834,-0.11891098765976471,0.11327616286612971
Sum of 3.0000000<.L.<=4.0000000,0.0,0.2334508512679842,-0.5589616985051842,-0.4188042846695106,-0.5101613564662277,0.008888561804793957
Sum of .L.>4.0000000,0.0,0.04201912805891947,-0.20268120755998162,-0.17724398355705337,-0.21133241258699825,0.049436301314348736
Sum of .L.>0.0000000,0.0,0.3488668893003026,0.15127877772684434,0.2918951611716844,-0.3169597962560652,-0.019932451044102975
