,Root Length Diameter Range 1 (px),Root Length Diameter Range 2 (px),Root Length Diameter Range 3 (px),Root Length Diameter Range 4 (px),Root Length Diameter Range 5 (px),total_images
Sum of 0<.L.<=1.000000,0.0,0.14716886508862276,0.5372250728037608,0.35159539082250274,-0.020102507587203833,-0.0013117299178689173
Sum of 1.0000000<.L.<=2.0000000,0.0,0.043573731341488446,0.22623583298278346,0.21705176296912063,-0.07912483265218705,-0.14079110185674476
Sum of 2.0000000<.L.<=3.0000000,0.0,0.23519478099956287,-0.18751123566306238,0.011229827720437773,-0.13103498437925254,0.11327616286612971
Sum of 3.0000000<.L.<=4.0000000,0.0,0.2895838321896348,-0.25654149304159074,-0.33725114028096925,-0.3657060254084157,0.008888561804793957
Sum of .L.>4.0000000,0.0,0.03393822513122128,-0.0077698352687703785,-0.1175015183782809,0.0651072502132812,0.049436301314348736
Sum of .L.>0.0000000,0.0,0.1438165034921739,0.4791960762473569,0.33072519710564974,-0.038678765994179465,-0.019932451044102975
