,Root Length Diameter Range 1 (px),Root Length Diameter Range 2 (px),Root Length Diameter Range 3 (px),Root Length Diameter Range 4 (px),Root Length Diameter Range 5 (px),total_images
Sum of 0<.L.<=1.000000,0.0,0.29696969696969694,0.04242424242424241,0.33333333333333326,-0.35464951900691605,-0.3868124850105911
Sum of 1.0000000<.L.<=2.0000000,0.0,0.07878787878787878,-0.09090909090909088,0.12727272727272726,-0.32004956593307055,-0.13767902008851546
Sum of 2.0000000<.L.<=3.0000000,0.0,0.34545454545454546,-0.35757575757575755,0.01818181818181818,-0.32004956593307055,0.2425773211083368
Sum of 3.0000000<.L.<=4.0000000,0.0,0.3696969696969697,-0.5393939393939393,-0.11515151515151514,-0.5103493078392206,0.006556143813738832
Sum of .L.>4.0000000,0.0,0.14869688228210426,-0.3167890100792656,-0.1874873733122184,-0.46136377696522207,-0.3986403892498927
Sum of .L.>0.0000000,0.0,0.12727272727272726,-0.006060606060606061,0.24848484848484845,-0.5103493078392206,-0.3868124850105911
