,Root Length Diameter Range 1 (px),Root Length Diameter Range 2 (px),Root Length Diameter Range 3 (px),Root Length Diameter Range 4 (px),Root Length Diameter Range 5 (px),total_images
Sum of 0<.L.<=1.000000,0.0,-0.06358456797519144,0.22764124919416384,-0.31387466001057107,-0.31789505918311173,0.17244304123419174
Sum of 1.0000000<.L.<=2.0000000,0.0,-0.20097462538073443,0.4268391435051726,0.20349953216578276,0.07365500827239463,-0.1133962560399677
Sum of 2.0000000<.L.<=3.0000000,0.0,0.070845866683946,0.532634469414748,0.2614020141749096,0.048023735489414604,0.03991106233940774
Sum of 3.0000000<.L.<=4.0000000,0.0,0.05452292053938452,0.36049270689703605,-0.12033068271395073,0.02927883568390724,0.20337301139235014
Sum of .L.>4.0000000,0.0,-0.11604398413774018,-0.011409747800198187,-0.1096643348662373,0.04075700317039848,0.036118553872448
Sum of .L.>0.0000000,0.0,-0.08473379009953491,0.29212308745827936,-0.2163716624677966,-0.25119104848736235,0.12803910147255926
