,Root Length Diameter Range 1 (px),Root Length Diameter Range 2 (px),Root Length Diameter Range 3 (px),Root Length Diameter Range 4 (px),Root Length Diameter Range 5 (px),total_images
Sum of 0<.L.<=1.000000,0.0,0.6727964707696448,0.4046363560840527,0.7957849985758719,0.0,0.28502395947451653
Sum of 1.0000000<.L.<=2.0000000,0.0,0.28726881886215566,-0.032355338125974666,0.6759847162346267,0.0,-0.13096286114678896
Sum of 2.0000000<.L.<=3.0000000,0.0,-0.0015106516695440851,-0.2340373228104108,0.46183577444774704,0.0,-0.003368298934147252
Sum of 3.0000000<.L.<=4.0000000,0.0,0.20324745048778003,0.0455051202494121,0.1981713183832109,0.0,0.19612853179411283
Sum of .L.>4.0000000,0.0,0.21940631129881086,0.18496255579925208,-0.08719731521349657,0.0,0.23221193117810862
Sum of .L.>0.0000000,0.0,0.615395692458719,0.32318115980262585,0.8071221565500689,0.0,0.217754391349063
