,Root Length Diameter Range 1 (px),Root Length Diameter Range 2 (px),Root Length Diameter Range 3 (px),Root Length Diameter Range 4 (px),Root Length Diameter Range 5 (px),total_images
Sum of 0<.L.<=1.000000,0.0,0.6606060606060605,0.41818181818181815,0.5222329678670935,0.0,0.0790277206784084
Sum of 1.0000000<.L.<=2.0000000,0.0,0.13939393939393938,-0.17575757575757575,0.5222329678670935,0.0,-0.2735574946560291
Sum of 2.0000000<.L.<=3.0000000,0.0,0.006060606060606061,-0.17575757575757575,0.5222329678670935,0.0,0.0
Sum of 3.0000000<.L.<=4.0000000,0.0,0.2121212121212121,0.05454545454545454,0.2901294265928297,0.0,0.14589733048321551
Sum of .L.>4.0000000,0.0,0.49781130155313164,0.2650683553724467,0.18569533817705183,0.0,0.09078667497622113
Sum of .L.>0.0000000,0.0,0.5878787878787878,0.32121212121212117,0.5222329678670935,0.0,0.06079055436800646
