,Root Length Diameter Range 1 (px),Root Length Diameter Range 2 (px),Root Length Diameter Range 3 (px),Root Length Diameter Range 4 (px),Root Length Diameter Range 5 (px),total_images
Sum of 0<.L.<=1.000000,0.0,0.08577724993638683,-0.10061280471202777,-0.1559489455469329,0.0,-0.2866185853090547
Sum of 1.0000000<.L.<=2.0000000,0.0,0.3625328204313592,0.17424277987932701,-0.457311766691992,0.0,0.21995956277793954
Sum of 2.0000000<.L.<=3.0000000,0.0,0.37477953416553605,0.21380162657049018,-0.015400720873539275,0.0,0.4156696426729858
Sum of 3.0000000<.L.<=4.0000000,0.0,-0.1141199816663255,-0.18131209440050813,0.40006271229163176,0.0,-0.39290047514428855
Sum of .L.>4.0000000,0.0,-0.52082321793282,-0.44023086874835654,0.3292032712263485,0.0,-0.9017077934148804
Sum of .L.>0.0000000,0.0,0.15064836282610444,-0.04606981659180098,-0.2076676801728808,0.0,-0.18678435424906226
