Root Length Diameter Range 1 (px),Root Length Diameter Range 2 (px),Root Length Diameter Range 3 (px),Root Length Diameter Range 4 (px),Root Length Diameter Range 5 (px),folder,file
0.0,1.0,0.0,0.0,0.0,S2403,S2403_011.png
0.0,1.0,0.0,0.0,0.0,S2403,S2403_012.png
0.0,3.0,0.0,0.0,0.0,S2403,S2403_027.png
0.0,1.4142135623730951,0.0,0.0,0.0,S2403,S2403_030.png
0.0,1.0,0.0,0.0,0.0,S2403,S2403_040.png
0.0,1.0,0.0,0.0,0.0,S2403,S2403_058.png
0.0,1.0,0.0,0.0,0.0,S2403,S2403_067.png
0.0,4.414213562373095,0.0,0.0,0.0,S2403,S2403_085.png
0.0,1.0,0.0,0.0,0.0,S2403,S2403_088.png
