,Root Length Diameter Range 1 (px),Root Length Diameter Range 2 (px),Root Length Diameter Range 3 (px),Root Length Diameter Range 4 (px),Root Length Diameter Range 5 (px),total_images
Sum of 0<.L.<=1.000000,0.0,0.17575757575757575,0.24848484848484845,0.01818181818181818,-0.3536651113250804,0.07926976633148354
Sum of 1.0000000<.L.<=2.0000000,0.0,-0.05454545454545454,0.07878787878787878,0.4787878787878787,0.3475674369918894,-0.2621999963272148
Sum of 2.0000000<.L.<=3.0000000,0.0,0.2727272727272727,-0.10303030303030303,0.22424242424242422,0.4695209236557102,0.06097674333191042
Sum of 3.0000000<.L.<=4.0000000,0.0,0.29696969696969694,-0.2606060606060606,-0.2727272727272727,-0.054879068998719374,0.12195348666382085
Sum of .L.>4.0000000,0.0,0.07111590022187594,-0.1745572096355137,-0.07111590022187594,-0.46182830342991416,0.1496063518153243
Sum of .L.>0.0000000,0.0,0.01818181818181818,0.12727272727272726,0.01818181818181818,-0.22561395032806852,-0.15244185832977605
