,Root Length Diameter Range 1 (px),Root Length Diameter Range 2 (px),Root Length Diameter Range 3 (px),Root Length Diameter Range 4 (px),Root Length Diameter Range 5 (px),total_images
Sum of 0<.L.<=1.000000,0.0,0.2839515838859049,0.24559704043936678,-0.14454682975688904,-0.21520806150770916,0.17244304123419174
Sum of 1.0000000<.L.<=2.0000000,0.0,0.11082596221200601,0.07680434645454037,0.11926932472470968,0.1563794390336809,-0.1133962560399677
Sum of 2.0000000<.L.<=3.0000000,0.0,0.12466701509997288,-0.1158139113933834,0.11477252317863593,0.37876124803947375,0.03991106233940774
Sum of 3.0000000<.L.<=4.0000000,0.0,0.2917179642121421,-0.37725486126252983,-0.5108473701559553,-0.3344292629351254,0.20337301139235014
Sum of .L.>4.0000000,0.0,0.055087143689880644,0.014996597406520831,-0.34768778189960203,-0.49675872586935604,0.036118553872448
Sum of .L.>0.0000000,0.0,0.26494154983221646,0.21161898597410353,-0.09875085937086443,-0.13837582307491458,0.12803910147255926
