,Root Length Diameter Range 1 (px),Root Length Diameter Range 2 (px),Root Length Diameter Range 3 (px),Root Length Diameter Range 4 (px),Root Length Diameter Range 5 (px),total_images
Sum of 0<.L.<=1.000000,0.0,0.13748935615357308,0.43326407900667785,0.377678164361396,-0.01781119124137273,0.17244304123419174
Sum of 1.0000000<.L.<=2.0000000,0.0,-0.009049287539852832,0.32767801532785773,0.6012730750268744,0.4776003822657712,-0.1133962560399677
Sum of 2.0000000<.L.<=3.0000000,0.0,0.07167411046901695,0.2804694178994742,0.5168683781868779,0.5456579883065285,0.03991106233940774
Sum of 3.0000000<.L.<=4.0000000,0.0,0.26417961041425675,0.5745866036826139,0.41711847530326085,0.14494452660038787,0.20337301139235014
Sum of .L.>4.0000000,0.0,0.04721869063868599,0.31942729714172835,0.1197596187797584,-0.14346916831478468,0.036118553872448
Sum of .L.>0.0000000,0.0,0.11869356066471091,0.4373247451649669,0.4480121417099286,0.09424258073233713,0.12803910147255926
