,Root Length Diameter Range 1 (px),Root Length Diameter Range 2 (px),Root Length Diameter Range 3 (px),Root Length Diameter Range 4 (px),Root Length Diameter Range 5 (px),total_images
Sum of 0<.L.<=1.000000,0.0,0.6242424242424242,0.7696969696969697,0.1515151515151515,0.058025885318565944,0.2561023219940237
Sum of 1.0000000<.L.<=2.0000000,0.0,0.05454545454545454,0.406060606060606,0.24848484848484845,0.058025885318565944,-0.17073488132934914
Sum of 2.0000000<.L.<=3.0000000,0.0,0.18787878787878787,0.309090909090909,-0.1515151515151515,-0.2901294265928297,0.012195348666382083
Sum of 3.0000000<.L.<=4.0000000,0.0,0.3939393939393939,0.5030303030303029,-0.309090909090909,-0.1740776559556978,0.03658604599914625
Sum of .L.>4.0000000,0.0,0.4719509741997222,0.7434844114105212,0.1745572096355137,0.433289122413121,0.19513871975911865
Sum of .L.>0.0000000,0.0,0.4545454545454545,0.7333333333333332,0.23636363636363633,0.058025885318565944,0.018293022999573125
