,Root Length Diameter Range 1 (px),Root Length Diameter Range 2 (px),Root Length Diameter Range 3 (px),Root Length Diameter Range 4 (px),Root Length Diameter Range 5 (px),total_images
Sum of 0<.L.<=1.000000,0.0,0.7587086225333668,0.7866093515708366,0.11579775160492997,-0.10160653779639624,0.36483195022811654
Sum of 1.0000000<.L.<=2.0000000,0.0,0.37564065028640825,0.5456224040890888,0.12981001980023066,-0.027683818781434746,-0.1036579118427168
Sum of 2.0000000<.L.<=3.0000000,0.0,0.15965599308051762,0.2844865209517283,-0.15421120684905448,-0.22853729044836965,-0.20311509318718962
Sum of 3.0000000<.L.<=4.0000000,0.0,0.3521600609703124,0.43169066502417697,-0.23902359840342724,-0.09421259398546089,0.14033051095104335
Sum of .L.>4.0000000,0.0,0.1897542702220692,0.2655960762253512,-0.053775209149559536,0.05194733672293411,0.20321617027888966
Sum of .L.>0.0000000,0.0,0.7111576836278256,0.7705682371071134,0.11076427896328357,-0.10125051913334421,0.27950313768932245
