,Root Length Diameter Range 1 (px),Root Length Diameter Range 2 (px),Root Length Diameter Range 3 (px),Root Length Diameter Range 4 (px),Root Length Diameter Range 5 (px),total_images
Sum of 0<.L.<=1.000000,0.0,0.309090909090909,0.309090909090909,0.2121212121212121,-0.5243999926544296,-0.4554385166235311
Sum of 1.0000000<.L.<=2.0000000,0.0,0.1515151515151515,0.07878787878787878,0.38181818181818183,-0.012195348666382083,0.11078234188139946
Sum of 2.0000000<.L.<=3.0000000,0.0,0.35757575757575755,-0.10303030303030303,0.18787878787878787,0.2439069733276417,0.3754290474869648
Sum of 3.0000000<.L.<=4.0000000,0.0,0.35757575757575755,-0.2727272727272727,-0.06666666666666665,-0.042683720332337284,0.11693691643036609
Sum of .L.>4.0000000,0.0,0.14869688228210426,-0.08404606389858067,0.16162704595880897,-0.3902774395182373,-0.45300719336604284
Sum of .L.>0.0000000,0.0,0.16363636363636364,0.16363636363636364,0.24848484848484845,-0.3719581343246535,-0.3077287274483318
