,Root Length Diameter Range 1 (px),Root Length Diameter Range 2 (px),Root Length Diameter Range 3 (px),Root Length Diameter Range 4 (px),Root Length Diameter Range 5 (px),total_images
Sum of 0<.L.<=1.000000,0.0,0.309090909090909,0.24848484848484845,0.34545454545454546,-0.5169842621131974,-0.4554385166235311
Sum of 1.0000000<.L.<=2.0000000,0.0,0.1515151515151515,0.07878787878787878,0.41818181818181815,-0.012309149097933273,0.11078234188139946
Sum of 2.0000000<.L.<=3.0000000,0.0,0.35757575757575755,-0.11515151515151514,0.2121212121212121,0.28311042925246527,0.3754290474869648
Sum of 3.0000000<.L.<=4.0000000,0.0,0.35757575757575755,-0.19999999999999998,0.10303030303030303,-0.03077287274483318,0.11693691643036609
Sum of .L.>4.0000000,0.0,0.14869688228210426,-0.04525557286846651,0.342649337432675,-0.4464418717230567,-0.45300719336604284
Sum of .L.>0.0000000,0.0,0.16363636363636364,0.17575757575757575,0.35757575757575755,-0.3754290474869648,-0.3077287274483318
