,Root Length Diameter Range 1 (px),Root Length Diameter Range 2 (px),Root Length Diameter Range 3 (px),Root Length Diameter Range 4 (px),Root Length Diameter Range 5 (px),total_images
Sum of 0<.L.<=1.000000,0.0,0.13939393939393938,0.09090909090909088,0.23636363636363633,-0.1740776559556978,-0.4554385166235311
Sum of 1.0000000<.L.<=2.0000000,0.0,0.29696969696969694,-0.22424242424242422,-0.01818181818181818,-0.4061811972299616,0.11078234188139946
Sum of 2.0000000<.L.<=3.0000000,0.0,0.6121212121212121,-0.38181818181818183,-0.04242424242424241,-0.4061811972299616,0.3754290474869648
Sum of 3.0000000<.L.<=4.0000000,0.0,0.19999999999999998,-0.05454545454545454,0.309090909090909,-0.4061811972299616,0.11693691643036609
Sum of .L.>4.0000000,0.0,-0.1874873733122184,0.09697622757528537,0.2650683553724467,-0.3094922302950864,-0.45300719336604284
Sum of .L.>0.0000000,0.0,0.0303030303030303,0.07878787878787878,0.23636363636363633,-0.4061811972299616,-0.3077287274483318
