,Root Length Diameter Range 1 (px),Root Length Diameter Range 2 (px),Root Length Diameter Range 3 (px),Root Length Diameter Range 4 (px),Root Length Diameter Range 5 (px),total_images
Sum of 0<.L.<=1.000000,0.0,-0.18787878787878787,-0.5222329678670935,0.0,0.0,-0.17575757575757575
Sum of 1.0000000<.L.<=2.0000000,0.0,0.04242424242424241,-0.5222329678670935,0.0,0.0,-0.0303030303030303
Sum of 2.0000000<.L.<=3.0000000,0.0,-0.06666666666666665,0.058025885318565944,0.0,0.0,0.01818181818181818
Sum of 3.0000000<.L.<=4.0000000,0.0,-0.34545454545454546,0.058025885318565944,0.0,0.0,-0.29696969696969694
Sum of .L.>4.0000000,0.0,-0.09697622757528537,-0.3094922302950864,0.0,0.0,-0.1745572096355137
Sum of .L.>0.0000000,0.0,-0.16363636363636364,-0.5222329678670935,0.0,0.0,-0.2121212121212121
