,Root Length Diameter Range 1 (px),Root Length Diameter Range 2 (px),Root Length Diameter Range 3 (px),Root Length Diameter Range 4 (px),Root Length Diameter Range 5 (px),total_images
Sum of 0<.L.<=1.000000,0.0,-0.006060606060606061,0.10303030303030303,0.11515151515151514,-0.5243999926544296,-0.4554385166235311
Sum of 1.0000000<.L.<=2.0000000,0.0,0.24848484848484845,0.07878787878787878,0.4545454545454545,-0.012195348666382083,0.11078234188139946
Sum of 2.0000000<.L.<=3.0000000,0.0,0.4787878787878787,-0.07878787878787878,0.2606060606060606,0.2439069733276417,0.3754290474869648
Sum of 3.0000000<.L.<=4.0000000,0.0,0.07878787878787878,-0.4787878787878787,-0.16363636363636364,-0.042683720332337284,0.11693691643036609
Sum of .L.>4.0000000,0.0,-0.1874873733122184,-0.27799851904915146,0.01939524551505708,-0.3902774395182373,-0.45300719336604284
Sum of .L.>0.0000000,0.0,-0.11515151515151514,-0.04242424242424241,0.16363636363636364,-0.3719581343246535,-0.3077287274483318
