,Root Length Diameter Range 1 (px),Root Length Diameter Range 2 (px),Root Length Diameter Range 3 (px),Root Length Diameter Range 4 (px),Root Length Diameter Range 5 (px),total_images
Sum of 0<.L.<=1.000000,0.0,0.40859746371260597,0.28515039231510303,0.2781820861930048,-0.2207398317467926,-0.1742072288214535
Sum of 1.0000000<.L.<=2.0000000,0.0,0.3983865165101989,-0.06267277390322454,-0.1490356197336018,-0.3965834540314458,0.03407148215367483
Sum of 2.0000000<.L.<=3.0000000,0.0,0.29649892610507983,-0.2639408254771924,-0.30905619672979034,-0.5075432325374211,0.3827696613549332
Sum of 3.0000000<.L.<=4.0000000,0.0,-0.04320171144968557,0.1422878045229331,0.26820111368886645,-0.4353271584155779,0.08005460258394825
Sum of .L.>4.0000000,0.0,-0.34818524686738794,0.4916329118187895,0.6329341444457042,-0.16140779624625967,-0.15822562636810067
Sum of .L.>0.0000000,0.0,0.42458232736611523,0.21762570920003957,0.195721372801858,-0.28074089967719346,-0.12186466131106208
