,Root Length Diameter Range 1 (px),Root Length Diameter Range 2 (px),Root Length Diameter Range 3 (px),Root Length Diameter Range 4 (px),Root Length Diameter Range 5 (px),total_images
Sum of 0<.L.<=1.000000,0.0,-0.165712230920465,-0.33595426734355754,0.0,0.0,-0.1828055071503771
Sum of 1.0000000<.L.<=2.0000000,0.0,0.0748777826081937,-0.4005065270755792,0.0,0.0,0.09813148598206169
Sum of 2.0000000<.L.<=3.0000000,0.0,0.013649628819236455,0.06427611293860397,0.0,0.0,0.1100001367500857
Sum of 3.0000000<.L.<=4.0000000,0.0,-0.2796244345668721,0.12101445261925575,0.0,0.0,-0.28054143660817177
Sum of .L.>4.0000000,0.0,-0.3543310826842195,-0.16140779624625967,0.0,0.0,-0.5002723160111541
Sum of .L.>0.0000000,0.0,-0.12772407696291516,-0.34769294139734924,0.0,0.0,-0.13380143240891365
