,Root Length Diameter Range 1 (px),Root Length Diameter Range 2 (px),Root Length Diameter Range 3 (px),Root Length Diameter Range 4 (px),Root Length Diameter Range 5 (px),total_images
Sum of 0<.L.<=1.000000,0.0,0.5489865391140444,-0.21981128835468539,0.0,0.0,0.5212641962687885
Sum of 1.0000000<.L.<=2.0000000,0.0,0.10574083613736744,-0.17104220579202767,0.0,0.0,0.06442194084028063
Sum of 2.0000000<.L.<=3.0000000,0.0,-0.04550825492223324,-0.19944403470139224,0.0,0.0,-0.03757139457725054
Sum of 3.0000000<.L.<=4.0000000,0.0,0.167747735265514,-0.048216748402394705,0.0,0.0,0.20346733308574672
Sum of .L.>4.0000000,0.0,0.19149300272356495,-0.007475861815190721,0.0,0.0,0.22749384739650588
Sum of .L.>0.0000000,0.0,0.4777904519065927,-0.22368753860156984,0.0,0.0,0.4480559507447496
