,Root Length Diameter Range 1 (px),Root Length Diameter Range 2 (px),Root Length Diameter Range 3 (px),Root Length Diameter Range 4 (px),Root Length Diameter Range 5 (px),total_images
Sum of 0<.L.<=1.000000,0.0,0.04242424242424241,0.34545454545454546,0.13939393939393938,-0.07976060548818034,-0.3868124850105911
Sum of 1.0000000<.L.<=2.0000000,0.0,-0.06666666666666665,-0.006060606060606061,0.12727272727272726,0.06748974310538336,-0.13767902008851546
Sum of 2.0000000<.L.<=3.0000000,0.0,0.38181818181818183,-0.2121212121212121,-0.05454545454545454,-0.07976060548818034,0.2425773211083368
Sum of 3.0000000<.L.<=4.0000000,0.0,0.32121212121212117,-0.2121212121212121,-0.2606060606060606,-0.2024692293161501,0.006556143813738832
Sum of .L.>4.0000000,0.0,-0.07111590022187594,-0.03232540919176179,-0.1874873733122184,-0.21598172265071178,-0.3986403892498927
Sum of .L.>0.0000000,0.0,-0.11515151515151514,0.24848484848484845,0.1515151515151515,-0.0061354311913984876,-0.3868124850105911
