,Root Length Diameter Range 1 (px),Root Length Diameter Range 2 (px),Root Length Diameter Range 3 (px),Root Length Diameter Range 4 (px),Root Length Diameter Range 5 (px),total_images
Sum of 0<.L.<=1.000000,0.0,0.004591850049925985,0.596585331529055,0.25678513025084837,0.43414628937180816,0.24312959227970113
Sum of 1.0000000<.L.<=2.0000000,0.0,-0.05301352476116492,0.32357141475537515,0.6002629697549784,0.3509580695676734,0.046411124466092774
Sum of 2.0000000<.L.<=3.0000000,0.0,0.2794622033927823,-0.058695822621438604,0.2887915373860646,0.1954172785045641,0.34310407985965086
Sum of 3.0000000<.L.<=4.0000000,0.0,0.16901182930926087,-0.07709358996019952,-0.12481685564981397,0.3670585286076414,0.4287634891463267
Sum of .L.>4.0000000,0.0,-0.098428195995283,0.019682994238989338,-0.36480811491746945,0.4619348572898636,0.2180119937407466
Sum of .L.>0.0000000,0.0,0.008665704728544646,0.553022240038785,0.3314281731495766,0.4372406562502392,0.23111606428742038
