,Root Length Diameter Range 1 (px),Root Length Diameter Range 2 (px),Root Length Diameter Range 3 (px),Root Length Diameter Range 4 (px),Root Length Diameter Range 5 (px),total_images
Sum of 0<.L.<=1.000000,0.0,0.3387668377822852,0.5951956456173133,0.36928434786133635,-0.13089210366192067,-0.16054090123079093
Sum of 1.0000000<.L.<=2.0000000,0.0,0.262445952236552,0.39782078953697997,0.3967142486708991,-0.4190899527555917,-0.1726799861230263
Sum of 2.0000000<.L.<=3.0000000,0.0,0.23757679813188987,0.06333816522545595,0.2626387565369334,-0.05330421284788486,0.27459909611536876
Sum of 3.0000000<.L.<=4.0000000,0.0,0.16712213686592192,-0.08553651170818485,0.08962154191718166,0.34955559553828264,0.26591615310094685
Sum of .L.>4.0000000,0.0,-0.017173403615110983,-0.026277002704017106,-0.23226313403776244,0.2744756033593475,-0.05601936563175508
Sum of .L.>0.0000000,0.0,0.3416660547043924,0.5703696554589232,0.39074813741395853,-0.18225862535004736,-0.1500906836926296
