,Root Length Diameter Range 1 (px),Root Length Diameter Range 2 (px),Root Length Diameter Range 3 (px),Root Length Diameter Range 4 (px),Root Length Diameter Range 5 (px),total_images
Sum of 0<.L.<=1.000000,0.0,0.43030303030303024,-0.16363636363636364,0.0,0.0,0.4451302263229461
Sum of 1.0000000<.L.<=2.0000000,0.0,0.5151515151515151,0.35757575757575755,0.0,0.0,0.5122046439880474
Sum of 2.0000000<.L.<=3.0000000,0.0,0.10303030303030303,0.13939393939393938,0.0,0.0,0.12195348666382085
Sum of 3.0000000<.L.<=4.0000000,0.0,-0.05454545454545454,-0.2121212121212121,0.0,0.0,0.03048837166595521
Sum of .L.>4.0000000,0.0,0.23920802801903726,-0.13576671860539952,0.0,0.0,0.2731942076627661
Sum of .L.>0.0000000,0.0,0.5393939393939393,0.05454545454545454,0.0,0.0,0.5548883643203848
