,Root Length Diameter Range 1 (px),Root Length Diameter Range 2 (px),Root Length Diameter Range 3 (px),Root Length Diameter Range 4 (px),Root Length Diameter Range 5 (px),total_images
Sum of 0<.L.<=1.000000,0.0,0.29696969696969694,0.2121212121212121,0.12727272727272726,-0.08128970193249391,-0.35130610293792575
Sum of 1.0000000<.L.<=2.0000000,0.0,0.28484848484848485,0.06666666666666665,0.406060606060606,-0.4439668336313129,-0.23838628413644963
Sum of 2.0000000<.L.<=3.0000000,0.0,0.43030303030303024,-0.09090909090909088,0.32121212121212117,-0.037518323968843345,0.250932930669947
Sum of 3.0000000<.L.<=4.0000000,0.0,0.33333333333333326,-0.2121212121212121,-0.006060606060606061,0.22510994381306007,0.2634795772034443
Sum of .L.>4.0000000,0.0,0.09697622757528537,-0.12283655492869483,0.10990639125199012,-0.10005560189476051,-0.3145237872058585
Sum of .L.>0.0000000,0.0,0.18787878787878787,0.13939393939393938,0.1515151515151515,-0.10630191791172282,-0.34503277967117707
