,Root Length Diameter Range 1 (px),Root Length Diameter Range 2 (px),Root Length Diameter Range 3 (px),Root Length Diameter Range 4 (px),Root Length Diameter Range 5 (px),total_images
Sum of 0<.L.<=1.000000,0.0,0.058842682239087736,0.0,0.0,0.0,0.16359838783647035
Sum of 1.0000000<.L.<=2.0000000,0.0,0.30717971478012585,0.0,0.0,0.0,0.3368361614884034
Sum of 2.0000000<.L.<=3.0000000,0.0,0.021352148353554687,0.0,0.0,0.0,-0.007767219251020785
Sum of 3.0000000<.L.<=4.0000000,0.0,-0.24995245733949042,0.0,0.0,0.0,-0.2203440277778249
Sum of .L.>4.0000000,0.0,-0.3236626870039091,0.0,0.0,0.0,-0.2761772216572998
Sum of .L.>0.0000000,0.0,0.1013828432381772,0.0,0.0,0.0,0.1932364257127976
