,Root Length Diameter Range 1 (px),Root Length Diameter Range 2 (px),Root Length Diameter Range 3 (px),Root Length Diameter Range 4 (px),Root Length Diameter Range 5 (px),total_images
Sum of 0<.L.<=1.000000,0.0,0.16413449679361747,0.0,0.0,0.0,0.20310096011589898
Sum of 1.0000000<.L.<=2.0000000,0.0,0.5592731001856595,0.0,0.0,0.0,0.4923659639173309
Sum of 2.0000000<.L.<=3.0000000,0.0,0.2857156055296304,0.0,0.0,0.0,0.1723280873710658
Sum of 3.0000000<.L.<=4.0000000,0.0,-0.05471149893120582,0.0,0.0,0.0,-0.07385489458759964
Sum of .L.>4.0000000,0.0,-0.09078667497622113,0.0,0.0,0.0,0.03282660821493064
Sum of .L.>0.0000000,0.0,0.3708223816448394,0.0,0.0,0.0,0.4000473456828313
