,Root Length Diameter Range 1 (px),Root Length Diameter Range 2 (px),Root Length Diameter Range 3 (px),Root Length Diameter Range 4 (px),Root Length Diameter Range 5 (px),total_images
Sum of 0<.L.<=1.000000,0.0,0.33946684239359753,0.6020674452932001,0.2879070592557197,-0.07987071723886399,-0.16054090123079093
Sum of 1.0000000<.L.<=2.0000000,0.0,0.2618618519422411,0.40375197844139155,0.46964923488149807,-0.39939649214651657,-0.1726799861230263
Sum of 2.0000000<.L.<=3.0000000,0.0,0.23710896458795327,0.06450277279236807,0.2646766667036367,-0.03445556341194342,0.27459909611536876
Sum of 3.0000000<.L.<=4.0000000,0.0,0.1661693163859867,-0.08389089363441532,-0.011022519563127775,0.302968723832518,0.26591615310094685
Sum of .L.>4.0000000,0.0,-0.018002454105604554,-0.02514318867886417,-0.32394116335967704,0.18024065818071572,-0.05601936563175508
Sum of .L.>0.0000000,0.0,0.3421220833801974,0.5772255041308237,0.3344754772745222,-0.13566691492876495,-0.1500906836926296
