,Root Length Diameter Range 1 (px),Root Length Diameter Range 2 (px),Root Length Diameter Range 3 (px),Root Length Diameter Range 4 (px),Root Length Diameter Range 5 (px),total_images
Sum of 0<.L.<=1.000000,0.0,0.43030303030303024,0.0,0.0,0.0,0.22492505116162387
Sum of 1.0000000<.L.<=2.0000000,0.0,-0.11515151515151514,0.0,0.0,0.0,-0.36474332620803873
Sum of 2.0000000<.L.<=3.0000000,0.0,-0.06666666666666665,0.0,0.0,0.0,-0.19452977397762067
Sum of 3.0000000<.L.<=4.0000000,0.0,0.2606060606060606,0.0,0.0,0.0,0.19452977397762067
Sum of .L.>4.0000000,0.0,0.40730015581619866,0.0,0.0,0.0,0.30478383742017096
Sum of .L.>0.0000000,0.0,0.3939393939393939,0.0,0.0,0.0,0.16413449679361747
