Root Length Diameter Range 1 (px),Root Length Diameter Range 2 (px),Root Length Diameter Range 3 (px),Root Length Diameter Range 4 (px),Root Length Diameter Range 5 (px),folder,file
0.0,1.4142135623730951,0.0,0.0,0.0,S1919,S1919_037.png
0.0,1.0,0.0,0.0,0.0,S1919,S1919_039.png
0.0,1.4142135623730951,0.0,0.0,0.0,S1919,S1919_048.png
0.0,2.0,0.0,0.0,0.0,S1919,S1919_050.png
0.0,1.0,0.0,0.0,0.0,S1919,S1919_069.png
0.0,1.4142135623730951,0.0,0.0,0.0,S1919,S1919_070.png
0.0,1.0,0.0,0.0,0.0,S1919,S1919_088.png
0.0,1.0,0.0,0.0,0.0,S1919,S1919_089.png
0.0,8.242640687119284,0.0,0.0,0.0,S1919,S1919_096.png
