,Root Length Diameter Range 1 (px),Root Length Diameter Range 2 (px),Root Length Diameter Range 3 (px),Root Length Diameter Range 4 (px),Root Length Diameter Range 5 (px),total_images
Sum of 0<.L.<=1.000000,0.0,0.08565775936907169,-0.23509415842275508,0.0,0.0,0.14397068932568885
Sum of 1.0000000<.L.<=2.0000000,0.0,0.25420668238253413,0.03255167859261729,0.0,0.0,0.146567785615234
Sum of 2.0000000<.L.<=3.0000000,0.0,0.3946770814862685,0.1075961755234747,0.0,0.0,0.2116997255508507
Sum of 3.0000000<.L.<=4.0000000,0.0,0.6365602226108447,0.315881201128521,0.0,0.0,0.6345127189663406
Sum of .L.>4.0000000,0.0,0.22057074559102718,0.1063627238750286,0.0,0.0,0.33728669890561686
Sum of .L.>0.0000000,0.0,0.138725512829092,-0.18430402669795706,0.0,0.0,0.16052759150233603
