,Root Length Diameter Range 1 (px),Root Length Diameter Range 2 (px),Root Length Diameter Range 3 (px),Root Length Diameter Range 4 (px),Root Length Diameter Range 5 (px),total_images
Sum of 0<.L.<=1.000000,0.0,0.04242424242424241,-0.17575757575757575,0.0,0.0,0.10303030303030303
Sum of 1.0000000<.L.<=2.0000000,0.0,0.2121212121212121,0.09090909090909088,0.0,0.0,-0.12727272727272726
Sum of 2.0000000<.L.<=3.0000000,0.0,0.4666666666666666,0.16363636363636364,0.0,0.0,0.09090909090909088
Sum of 3.0000000<.L.<=4.0000000,0.0,0.5757575757575757,0.24848484848484845,0.0,0.0,0.5151515151515151
Sum of .L.>4.0000000,0.0,0.32971917375597026,0.2909286827258562,0.0,0.0,0.4848811378764269
Sum of .L.>0.0000000,0.0,0.13939393939393938,-0.06666666666666665,0.0,0.0,0.09090909090909088
