,Root Length Diameter Range 1 (px),Root Length Diameter Range 2 (px),Root Length Diameter Range 3 (px),Root Length Diameter Range 4 (px),Root Length Diameter Range 5 (px),total_images
Sum of 0<.L.<=1.000000,0.0,0.10912858330172577,0.06096258856666705,0.08646150159007746,0.0,-0.15349418260340544
Sum of 1.0000000<.L.<=2.0000000,0.0,0.393097155459842,0.3392138308371192,0.15401984771267743,0.0,0.26088427534591196
Sum of 2.0000000<.L.<=3.0000000,0.0,0.4206989760515117,0.42534068450477297,0.32209474372567104,0.0,0.34324422340598515
Sum of 3.0000000<.L.<=4.0000000,0.0,-0.027567200637189853,0.09774918614396534,0.2479171923626029,0.0,-0.338661136404554
Sum of .L.>4.0000000,0.0,-0.48755206554665204,-0.302097674919525,-0.16488641254467035,0.0,-0.7827305235218184
Sum of .L.>0.0000000,0.0,0.17826944140174847,0.12992761921749063,0.11547697835367791,0.0,-0.07094487493732951
