,Root Length Diameter Range 1 (px),Root Length Diameter Range 2 (px),Root Length Diameter Range 3 (px),Root Length Diameter Range 4 (px),Root Length Diameter Range 5 (px),total_images
Sum of 0<.L.<=1.000000,0.0,0.16363636363636364,0.006060606060606061,0.11009637651263605,0.0,-0.11515151515151514
Sum of 1.0000000<.L.<=2.0000000,0.0,0.28484848484848485,0.24848484848484845,0.11009637651263605,0.0,0.05454545454545454
Sum of 2.0000000<.L.<=3.0000000,0.0,0.34545454545454546,0.406060606060606,0.3578132236660672,0.0,0.17575757575757575
Sum of 3.0000000<.L.<=4.0000000,0.0,-0.04242424242424241,0.06666666666666665,0.2201927530252721,0.0,-0.18787878787878787
Sum of .L.>4.0000000,0.0,-0.08404606389858067,0.13576671860539952,0.29361010975735174,0.0,-0.23920802801903726
Sum of .L.>0.0000000,0.0,0.13939393939393938,-0.0303030303030303,0.027524094128159014,0.0,-0.13939393939393938
