,Root Length Diameter Range 1 (px),Root Length Diameter Range 2 (px),Root Length Diameter Range 3 (px),Root Length Diameter Range 4 (px),Root Length Diameter Range 5 (px),total_images
Sum of 0<.L.<=1.000000,0.0,0.3910428921070377,0.22466322435491398,0.0,0.0,0.4359437082286636
Sum of 1.0000000<.L.<=2.0000000,0.0,-0.07264544549028229,0.029346534014937458,0.0,0.0,0.017615370920993557
Sum of 2.0000000<.L.<=3.0000000,0.0,-0.2514734431211502,0.01722664643231176,0.0,0.0,-0.0700174859738658
Sum of 3.0000000<.L.<=4.0000000,0.0,0.07426098766457287,0.5917543092248309,0.0,0.0,0.1924744035216271
Sum of .L.>4.0000000,0.0,0.22150023502093108,0.7946029093612353,0.0,0.0,0.22594610504761053
Sum of .L.>0.0000000,0.0,0.30422459220731385,0.19948862304612877,0.0,0.0,0.3668103700041976
