,Root Length Diameter Range 1 (px),Root Length Diameter Range 2 (px),Root Length Diameter Range 3 (px),Root Length Diameter Range 4 (px),Root Length Diameter Range 5 (px),total_images
Sum of 0<.L.<=1.000000,0.0,0.41818181818181815,0.24720661623652213,0.0,0.0,0.33333333333333326
Sum of 1.0000000<.L.<=2.0000000,0.0,-0.17575757575757575,0.13483997249264842,0.0,0.0,-0.1515151515151515
Sum of 2.0000000<.L.<=3.0000000,0.0,-0.17575757575757575,0.13483997249264842,0.0,0.0,0.01818181818181818
Sum of 3.0000000<.L.<=4.0000000,0.0,0.05454545454545454,0.4719399037242695,0.0,0.0,0.1515151515151515
Sum of .L.>4.0000000,0.0,0.2650683553724467,0.4315169713368458,0.0,0.0,0.22627786434233255
Sum of .L.>0.0000000,0.0,0.32121212121212117,0.3146266024828463,0.0,0.0,0.23636363636363633
