,Root Length Diameter Range 1 (px),Root Length Diameter Range 2 (px),Root Length Diameter Range 3 (px),Root Length Diameter Range 4 (px),Root Length Diameter Range 5 (px),total_images
Sum of 0<.L.<=1.000000,0.0,-0.2894869613020284,-0.5586138012931899,-0.45528352220309165,0.0,0.24312959227970113
Sum of 1.0000000<.L.<=2.0000000,0.0,-0.18558516568474412,-0.1945204971692941,0.004469519392248222,0.0,0.046411124466092774
Sum of 2.0000000<.L.<=3.0000000,0.0,0.10619525148482904,-0.014933511489130724,0.14924564829152093,0.0,0.34310407985965086
Sum of 3.0000000<.L.<=4.0000000,0.0,-0.09833770969532321,-0.29992522706110897,-0.05431508488417364,0.0,0.4287634891463267
Sum of .L.>4.0000000,0.0,-0.2265092709278476,-0.2730876946773464,-0.20868357704302828,0.0,0.2180119937407466
Sum of .L.>0.0000000,0.0,-0.27088854305279014,-0.5050563544143527,-0.37461379888476737,0.0,0.23111606428742038
