,Root Length Diameter Range 1 (px),Root Length Diameter Range 2 (px),Root Length Diameter Range 3 (px),Root Length Diameter Range 4 (px),Root Length Diameter Range 5 (px),total_images
Sum of 0<.L.<=1.000000,0.0,0.29696969696969694,0.23636363636363633,0.09090909090909088,-0.17792750455055614,-0.35130610293792575
Sum of 1.0000000<.L.<=2.0000000,0.0,0.28484848484848485,0.17575757575757575,-0.006060606060606061,-0.3619904402925108,-0.23838628413644963
Sum of 2.0000000<.L.<=3.0000000,0.0,0.43030303030303024,0.04242424242424241,0.22424242424242422,0.05521888072258639,0.250932930669947
Sum of 3.0000000<.L.<=4.0000000,0.0,0.33333333333333326,-0.17575757575757575,0.07878787878787878,0.3006361283785259,0.2634795772034443
Sum of .L.>4.0000000,0.0,0.09697622757528537,-0.08404606389858067,0.01939524551505708,-0.16362251715963014,-0.3145237872058585
Sum of .L.>0.0000000,0.0,0.18787878787878787,0.13939393939393938,-0.04242424242424241,-0.10430233025377429,-0.34503277967117707
