,Root Length Diameter Range 1 (px),Root Length Diameter Range 2 (px),Root Length Diameter Range 3 (px),Root Length Diameter Range 4 (px),Root Length Diameter Range 5 (px),total_images
Sum of 0<.L.<=1.000000,0.0,0.3404176432908874,0.5966622991511921,0.33875519574668483,-0.13089210366192067,-0.16054090123079093
Sum of 1.0000000<.L.<=2.0000000,0.0,0.26288706059621436,0.3993829161564451,0.375986163484736,-0.4190899527555917,-0.1726799861230263
Sum of 2.0000000<.L.<=3.0000000,0.0,0.23695622826936144,0.06591096860081305,0.24776989400162497,-0.05330421284788486,0.27459909611536876
Sum of 3.0000000<.L.<=4.0000000,0.0,0.1659249097648302,-0.08309437076549628,0.07579800952805874,0.34955559553828264,0.26591615310094685
Sum of .L.>4.0000000,0.0,-0.018161003117387782,-0.025635030672002502,-0.24404448477699914,0.2744756033593475,-0.05601936563175508
Sum of .L.>0.0000000,0.0,0.34308777751684943,0.5720074765458898,0.36074980456619343,-0.18225862535004736,-0.1500906836926296
