,Root Length Diameter Range 1 (px),Root Length Diameter Range 2 (px),Root Length Diameter Range 3 (px),Root Length Diameter Range 4 (px),Root Length Diameter Range 5 (px),total_images
Sum of 0<.L.<=1.000000,0.0,0.473682248267234,-0.29956649600188956,0.0,0.0,0.4297778689715147
Sum of 1.0000000<.L.<=2.0000000,0.0,0.507970713372904,0.2021759397852665,0.0,0.0,0.5017123220139563
Sum of 2.0000000<.L.<=3.0000000,0.0,0.06696261417056999,0.11911830314240927,0.0,0.0,0.10132735030865607
Sum of 3.0000000<.L.<=4.0000000,0.0,-0.15888365664504114,-0.2640572138882124,0.0,0.0,0.02415471021736733
Sum of .L.>4.0000000,0.0,-0.14265944101395722,-0.41590552632556804,0.0,0.0,0.026536800074652776
Sum of .L.>0.0000000,0.0,0.48706507086284273,-0.21292681373285088,0.0,0.0,0.452244216731416
