,Root Length Diameter Range 1 (px),Root Length Diameter Range 2 (px),Root Length Diameter Range 3 (px),Root Length Diameter Range 4 (px),Root Length Diameter Range 5 (px),total_images
Sum of 0<.L.<=1.000000,0.0,0.4322589146614173,0.5165636372047272,0.0037545554158142716,0.15845396499072756,-0.16054090123079093
Sum of 1.0000000<.L.<=2.0000000,0.0,0.38799984675326715,0.2461090223571576,-0.1613163863100126,-0.3841341379753118,-0.1726799861230263
Sum of 2.0000000<.L.<=3.0000000,0.0,0.259283046388348,0.025091566491392214,0.06616111435484484,-0.1533810941389083,0.27459909611536876
Sum of 3.0000000<.L.<=4.0000000,0.0,0.10471193209991897,-0.01877459456743756,0.1460792787814666,0.4823027345180191,0.26591615310094685
Sum of .L.>4.0000000,0.0,-0.08250602379838416,0.03696569235626076,-0.04305855145224524,0.5799996285229858,-0.05601936563175508
Sum of .L.>0.0000000,0.0,0.4423219952471978,0.4768712719073627,-0.02094402256807989,0.06308971954559803,-0.1500906836926296
