,Root Length Diameter Range 1 (px),Root Length Diameter Range 2 (px),Root Length Diameter Range 3 (px),Root Length Diameter Range 4 (px),Root Length Diameter Range 5 (px),total_images
Sum of 0<.L.<=1.000000,0.0,0.1636594464097728,-0.3291187704446459,0.26877507237227427,0.0,-0.11088939891392928
Sum of 1.0000000<.L.<=2.0000000,0.0,0.002728671683386129,-0.5528154121414827,-0.0009380281259346208,0.0,-0.17611303539500314
Sum of 2.0000000<.L.<=3.0000000,0.0,0.11331951678139297,-0.24374649901979822,0.05588693761190303,0.0,0.27064328932591303
Sum of 3.0000000<.L.<=4.0000000,0.0,0.06684284723069762,-0.047216128345209954,0.6117266647431208,0.0,0.27495335245222086
Sum of .L.>4.0000000,0.0,-0.03684790591897284,-0.03698323085410263,0.6771222792600606,0.0,-0.04216775382579055
Sum of .L.>0.0000000,0.0,0.14334882707235383,-0.3836444174435526,0.23288597629001373,0.0,-0.10916516776074815
