,Root Length Diameter Range 1 (px),Root Length Diameter Range 2 (px),Root Length Diameter Range 3 (px),Root Length Diameter Range 4 (px),Root Length Diameter Range 5 (px),total_images
Sum of 0<.L.<=1.000000,0.0,0.22424242424242422,0.32121212121212117,0.04242424242424241,0.09559042387984865,-0.35130610293792575
Sum of 1.0000000<.L.<=2.0000000,0.0,0.2727272727272727,0.05454545454545454,-0.1515151515151515,-0.471124231979254,-0.23838628413644963
Sum of 2.0000000<.L.<=3.0000000,0.0,0.41818181818181815,0.1515151515151515,0.29696969696969694,-0.09559042387984865,0.250932930669947
Sum of 3.0000000<.L.<=4.0000000,0.0,0.309090909090909,0.16363636363636364,0.32121212121212117,0.34139437099945946,0.2634795772034443
Sum of .L.>4.0000000,0.0,0.03232540919176179,0.10990639125199012,-0.006465081838352359,0.13838783773855368,-0.3145237872058585
Sum of .L.>0.0000000,0.0,0.1515151515151515,0.17575757575757575,-0.13939393939393938,-0.02731154967995676,-0.34503277967117707
