,Root Length Diameter Range 1 (px),Root Length Diameter Range 2 (px),Root Length Diameter Range 3 (px),Root Length Diameter Range 4 (px),Root Length Diameter Range 5 (px),total_images
Sum of 0<.L.<=1.000000,0.0,0.1422239927420148,0.6421454182663036,0.5097502342659472,0.16552792326803864,-0.0013117299178689173
Sum of 1.0000000<.L.<=2.0000000,0.0,0.030541998710973694,0.2988458441640016,0.5873085397954787,0.13984113321414032,-0.14079110185674476
Sum of 2.0000000<.L.<=3.0000000,0.0,0.20911889699424216,-0.11581980271789544,0.26101006068730964,-0.1536790145080978,0.11327616286612971
Sum of 3.0000000<.L.<=4.0000000,0.0,0.21427370207874813,-0.047319424484165734,0.06005111374861857,-0.12755418439294436,0.008888561804793957
Sum of .L.>4.0000000,0.0,-0.013065991508496126,0.1251644358342184,0.029390887882847383,0.28834094126674364,0.049436301314348736
Sum of .L.>0.0000000,0.0,0.13563730838254417,0.5846380113541076,0.541924023061627,0.15567542075021906,-0.019932451044102975
