,Root Length Diameter Range 1 (px),Root Length Diameter Range 2 (px),Root Length Diameter Range 3 (px),Root Length Diameter Range 4 (px),Root Length Diameter Range 5 (px),total_images
Sum of 0<.L.<=1.000000,0.0,0.06666666666666665,0.5030303030303029,0.5151515151515151,0.6242424242424242,-0.41137667560372115
Sum of 1.0000000<.L.<=2.0000000,0.0,-0.04242424242424241,0.2121212121212121,0.5878787878787878,0.5030303030303029,-0.305416016736096
Sum of 2.0000000<.L.<=3.0000000,0.0,0.3696969696969697,0.22424242424242422,0.5030303030303029,0.1515151515151515,0.11842661873440458
Sum of 3.0000000<.L.<=4.0000000,0.0,0.35757575757575755,0.3696969696969697,0.5030303030303029,0.309090909090909,0.09349469900084571
Sum of .L.>4.0000000,0.0,-0.01939524551505708,0.42023031949290335,0.5107414652298363,0.756414575087226,-0.3191500649000865
Sum of .L.>0.0000000,0.0,-0.06666666666666665,0.38181818181818183,0.5636363636363636,0.6,-0.41137667560372115
