,Root Length Diameter Range 1 (px),Root Length Diameter Range 2 (px),Root Length Diameter Range 3 (px),Root Length Diameter Range 4 (px),Root Length Diameter Range 5 (px),total_images
Sum of 0<.L.<=1.000000,0.0,-0.006060606060606061,0.0,0.0,0.0,-0.024316221747202584
Sum of 1.0000000<.L.<=2.0000000,0.0,-0.006060606060606061,0.0,0.0,0.0,-0.07294866524160776
Sum of 2.0000000<.L.<=3.0000000,0.0,0.35757575757575755,0.0,0.0,0.0,0.21884599572482327
Sum of 3.0000000<.L.<=4.0000000,0.0,0.6484848484848483,0.0,0.0,0.0,0.5714312110592608
Sum of .L.>4.0000000,0.0,0.42023031949290335,0.0,0.0,0.0,0.48635718737261313
Sum of .L.>0.0000000,0.0,0.07878787878787878,0.0,0.0,0.0,0.04863244349440517
