,Root Length Diameter Range 1 (px),Root Length Diameter Range 2 (px),Root Length Diameter Range 3 (px),Root Length Diameter Range 4 (px),Root Length Diameter Range 5 (px),total_images
Sum of 0<.L.<=1.000000,0.0,0.3491679487269812,0.33077402075240625,0.52945945229424,0.0,-0.09028103317834865
Sum of 1.0000000<.L.<=2.0000000,0.0,0.3430968394402956,0.4069708872218388,0.47510390005292114,0.0,0.05309901759920046
Sum of 2.0000000<.L.<=3.0000000,0.0,0.39573797857098014,0.23370298432255499,0.30637526634392276,0.0,0.37074531506541386
Sum of 3.0000000<.L.<=4.0000000,0.0,0.6600571774642392,0.5007655347783967,0.5055558054503617,0.0,0.5382386605137602
Sum of .L.>4.0000000,0.0,0.24451957242216843,0.3043989349207248,0.3463743733396287,0.0,0.2011582128912498
Sum of .L.>0.0000000,0.0,0.37527518113606784,0.3624686077201145,0.5444248051871903,0.0,-0.04534815640651222
