,Root Length Diameter Range 1 (px),Root Length Diameter Range 2 (px),Root Length Diameter Range 3 (px),Root Length Diameter Range 4 (px),Root Length Diameter Range 5 (px),total_images
Sum of 0<.L.<=1.000000,0.0,0.24848484848484845,0.29696969696969694,0.406060606060606,0.0,-0.2716515217447666
Sum of 1.0000000<.L.<=2.0000000,0.0,0.13939393939393938,0.3696969696969697,0.41818181818181815,0.0,-0.02469559288588787
Sum of 2.0000000<.L.<=3.0000000,0.0,0.5272727272727272,0.35757575757575755,0.309090909090909,0.0,0.3025210128521264
Sum of 3.0000000<.L.<=4.0000000,0.0,0.5878787878787878,0.4666666666666666,0.43030303030303024,0.0,0.47539016305334153
Sum of .L.>4.0000000,0.0,0.3038588464025609,0.4719509741997222,0.27799851904915146,0.0,0.0
Sum of .L.>0.0000000,0.0,0.19999999999999998,0.41818181818181815,0.6121212121212121,0.0,-0.10495626976502344
