,Root Length Diameter Range 1 (px),Root Length Diameter Range 2 (px),Root Length Diameter Range 3 (px),Root Length Diameter Range 4 (px),Root Length Diameter Range 5 (px),total_images
Sum of 0<.L.<=1.000000,0.0,-0.26541329024289234,-0.12776829563305322,0.0,0.0,-0.03242184598066562
Sum of 1.0000000<.L.<=2.0000000,0.0,-0.31644502383914974,-0.2731374222427147,0.0,0.0,-0.10608576722779622
Sum of 2.0000000<.L.<=3.0000000,0.0,-0.3596497911510912,-0.5084954712476227,0.0,0.0,-0.18871299207912223
Sum of 3.0000000<.L.<=4.0000000,0.0,-0.6171497753568509,-0.4475098214309393,0.0,0.0,-0.5545938748754606
Sum of .L.>4.0000000,0.0,-0.24306384547804766,-0.16140779624625967,0.0,0.0,-0.26999607560952854
Sum of .L.>0.0000000,0.0,-0.29848316228276783,-0.18152499758157165,0.0,0.0,-0.05829481014690717
