,Root Length Diameter Range 1 (px),Root Length Diameter Range 2 (px),Root Length Diameter Range 3 (px),Root Length Diameter Range 4 (px),Root Length Diameter Range 5 (px),total_images
Sum of 0<.L.<=1.000000,0.0,0.2041177870815859,0.6564900387377628,0.5437680729067351,0.4005328474845839,0.06467759835527162
Sum of 1.0000000<.L.<=2.0000000,0.0,0.15893768433842262,0.4293981459766844,0.6574005656386483,0.35855092788133947,-0.015253079686445709
Sum of 2.0000000<.L.<=3.0000000,0.0,0.26810994048225567,0.15285865227202555,0.4206336637887621,0.019029446743738326,0.22474704157024333
Sum of 3.0000000<.L.<=4.0000000,0.0,0.46146305769104545,0.3785242505405518,0.3742082433946632,0.20213921638015997,0.3049504557162638
Sum of .L.>4.0000000,0.0,0.13398188639027153,0.2739805031555158,0.15921604855925287,0.3896769889579901,0.17289844829544457
Sum of .L.>0.0000000,0.0,0.21431623379472936,0.6348082595516099,0.5922523493003451,0.40088661739319853,0.0643972002853099
