,Root Length Diameter Range 1 (px),Root Length Diameter Range 2 (px),Root Length Diameter Range 3 (px),Root Length Diameter Range 4 (px),Root Length Diameter Range 5 (px),total_images
Sum of 0<.L.<=1.000000,0.0,-0.1038562345359153,0.0,0.0,0.0,-0.05928003538460899
Sum of 1.0000000<.L.<=2.0000000,0.0,-0.03661092527797771,0.0,0.0,0.0,0.004513999761909172
Sum of 2.0000000<.L.<=3.0000000,0.0,0.3308820645003661,0.0,0.0,0.0,0.29786695503431776
Sum of 3.0000000<.L.<=4.0000000,0.0,0.6537349721617259,0.0,0.0,0.0,0.6667282883449367
Sum of .L.>4.0000000,0.0,0.33137934273634667,0.0,0.0,0.0,0.4310651075887067
Sum of .L.>0.0000000,0.0,-0.0732064195512377,0.0,0.0,0.0,-0.029966645325688455
