,Root Length Diameter Range 1 (px),Root Length Diameter Range 2 (px),Root Length Diameter Range 3 (px),Root Length Diameter Range 4 (px),Root Length Diameter Range 5 (px),total_images
Sum of 0<.L.<=1.000000,0.0,0.09719435187995866,0.2801054140116245,-0.3359542673435575,0.0,0.09068214727659563
Sum of 1.0000000<.L.<=2.0000000,0.0,0.3002518136059445,-0.169641886827311,-0.4005065270755792,0.0,0.20192485302589225
Sum of 2.0000000<.L.<=3.0000000,0.0,0.4276076472324101,-0.26441550391187213,0.06427611293860394,0.0,0.3564099716155806
Sum of 3.0000000<.L.<=4.0000000,0.0,0.6339559697998748,0.6112234297364303,0.12101445261925575,0.0,0.6334076348081064
Sum of .L.>4.0000000,0.0,0.1913238075226228,0.906145265471473,-0.16140779624625967,0.0,0.1721057732073354
Sum of .L.>0.0000000,0.0,0.15785592132254633,0.19846897915180323,-0.34769294139734924,0.0,0.13192220536244015
