,Root Length Diameter Range 1 (px),Root Length Diameter Range 2 (px),Root Length Diameter Range 3 (px),Root Length Diameter Range 4 (px),Root Length Diameter Range 5 (px),total_images
Sum of 0<.L.<=1.000000,0.0,0.1374529765664088,0.6366219560721768,0.44505731590963804,-0.01409265534045076,-0.0013117299178689173
Sum of 1.0000000<.L.<=2.0000000,0.0,0.03011600950615645,0.2901915973745337,0.5588256820486054,-0.008177276045676918,-0.14079110185674476
Sum of 2.0000000<.L.<=3.0000000,0.0,0.21208919683093552,-0.13119648705576897,0.22688736155766676,-0.2652010379026778,0.11327616286612971
Sum of 3.0000000<.L.<=4.0000000,0.0,0.2173018493163237,-0.07169922942510092,-0.0979646980597221,-0.34584392917055246,0.008888561804793957
Sum of .L.>4.0000000,0.0,-0.012705657299139809,0.11659281349737764,-0.12676125924828122,0.07175601083591086,0.049436301314348736
Sum of .L.>0.0000000,0.0,0.13172294078215158,0.577619391004264,0.4798682323001157,-0.02760560826437719,-0.019932451044102975
