,Root Length Diameter Range 1 (px),Root Length Diameter Range 2 (px),Root Length Diameter Range 3 (px),Root Length Diameter Range 4 (px),Root Length Diameter Range 5 (px),total_images
Sum of 0<.L.<=1.000000,0.0,0.13908235608088076,0.6437037101027047,0.5042059164033174,0.16552792326803864,-0.0013117299178689173
Sum of 1.0000000<.L.<=2.0000000,0.0,0.02889555050193339,0.30045343328126395,0.5844055368576959,0.13984113321414032,-0.14079110185674476
Sum of 2.0000000<.L.<=3.0000000,0.0,0.2085229659479475,-0.11422335698394491,0.2583060857559962,-0.1536790145080978,0.11327616286612971
Sum of 3.0000000<.L.<=4.0000000,0.0,0.21274732391872125,-0.04580178208392738,0.057869184471068105,-0.12755418439294436,0.008888561804793957
Sum of .L.>4.0000000,0.0,-0.0146091728746712,0.12598736129909358,0.028360060630283217,0.28834094126674364,0.049436301314348736
Sum of .L.>0.0000000,0.0,0.13267767187431,0.5863093541124657,0.5366297136384647,0.15567542075021906,-0.019932451044102975
