,Root Length Diameter Range 1 (px),Root Length Diameter Range 2 (px),Root Length Diameter Range 3 (px),Root Length Diameter Range 4 (px),Root Length Diameter Range 5 (px),total_images
Sum of 0<.L.<=1.000000,0.0,0.04385073897259657,-0.09981282412727724,0.0,0.0,-0.18782969502812577
Sum of 1.0000000<.L.<=2.0000000,0.0,0.010918960545647635,-0.2426569743135429,0.0,0.0,0.042952846070349604
Sum of 2.0000000<.L.<=3.0000000,0.0,0.10065504417518789,-0.2396408236779382,0.0,0.0,0.422473335518906
Sum of 3.0000000<.L.<=4.0000000,0.0,0.4445582632357653,0.25035350907008413,0.0,0.0,0.3946685565425421
Sum of .L.>4.0000000,0.0,0.5148729562401894,0.5509369849413602,0.0,0.0,0.1350555029815642
Sum of .L.>0.0000000,0.0,0.04718102095586458,-0.13438044418414796,0.0,0.0,-0.1273849118818729
